{"images": [{"id": 3, "dataset_id": 1, "category_ids": [], "path": "/datasets/drone_imagens/filled_chunks/chunk_0_2800.jpg", "width": 400, "height": 400, "file_name": "chunk_0_2800.jpg", "annotated": false, "annotating": [], "num_annotations": 0, "metadata": {}, "deleted": false, "milliseconds": 0, "events": [], "regenerate_thumbnail": false}, {"id": 5, "dataset_id": 1, "category_ids": [], "path": "/datasets/drone_imagens/filled_chunks/chunk_1200_1200.jpg", "width": 400, "height": 400, "file_name": "chunk_1200_1200.jpg", "annotated": false, "annotating": [], "num_annotations": 0, "metadata": {}, "deleted": false, "milliseconds": 0, "events": [], "regenerate_thumbnail": false}, {"id": 6, "dataset_id": 1, "category_ids": [], "path": "/datasets/drone_imagens/filled_chunks/chunk_1200_1600.jpg", "width": 400, "height": 400, "file_name": "chunk_1200_1600.jpg", "annotated": false, "annotating": [], "num_annotations": 0, "metadata": {}, "deleted": false, "milliseconds": 0, "events": [], "regenerate_thumbnail": false}, {"id": 7, "dataset_id": 1, "category_ids": [], "path": "/datasets/drone_imagens/filled_chunks/chunk_1200_2000.jpg", "width": 400, "height": 400, "file_name": "chunk_1200_2000.jpg", "annotated": false, "annotating": [], "num_annotations": 0, "metadata": {}, "deleted": false, "milliseconds": 0, "events": [], "regenerate_thumbnail": false}, {"id": 8, "dataset_id": 1, "category_ids": [], "path": "/datasets/drone_imagens/filled_chunks/chunk_1200_800.jpg", "width": 400, "height": 400, "file_name": "chunk_1200_800.jpg", "annotated": false, "annotating": [], "num_annotations": 0, "metadata": {}, "deleted": false, "milliseconds": 0, "events": [], "regenerate_thumbnail": false}, {"id": 9, "dataset_id": 1, "category_ids": [], "path": "/datasets/drone_imagens/filled_chunks/chunk_1600_1200.jpg", "width": 400, "height": 400, "file_name": "chunk_1600_1200.jpg", "annotated": false, "annotating": [], "num_annotations": 0, "metadata": {}, "deleted": false, "milliseconds": 0, "events": [], "regenerate_thumbnail": false}, {"id": 10, "dataset_id": 1, "category_ids": [], "path": "/datasets/drone_imagens/filled_chunks/chunk_1600_1600.jpg", "width": 400, "height": 400, "file_name": "chunk_1600_1600.jpg", "annotated": false, "annotating": [], "num_annotations": 0, "metadata": {}, "deleted": false, "milliseconds": 0, "events": [], "regenerate_thumbnail": false}, {"id": 11, "dataset_id": 1, "category_ids": [], "path": "/datasets/drone_imagens/filled_chunks/chunk_1600_2000.jpg", "width": 400, "height": 400, "file_name": "chunk_1600_2000.jpg", "annotated": false, "annotating": [], "num_annotations": 0, "metadata": {}, "deleted": false, "milliseconds": 0, "events": [], "regenerate_thumbnail": false}, {"id": 12, "dataset_id": 1, "category_ids": [], "path": "/datasets/drone_imagens/filled_chunks/chunk_1600_800.jpg", "width": 400, "height": 400, "file_name": "chunk_1600_800.jpg", "annotated": false, "annotating": [], "num_annotations": 0, "metadata": {}, "deleted": false, "milliseconds": 0, "events": [], "regenerate_thumbnail": false}, {"id": 13, "dataset_id": 1, "category_ids": [], "path": "/datasets/drone_imagens/filled_chunks/chunk_2000_1200.jpg", "width": 400, "height": 400, "file_name": "chunk_2000_1200.jpg", "annotated": false, "annotating": [], "num_annotations": 0, "metadata": {}, "deleted": false, "milliseconds": 0, "events": [], "regenerate_thumbnail": false}, {"id": 14, "dataset_id": 1, "category_ids": [], "path": "/datasets/drone_imagens/filled_chunks/chunk_2000_1600.jpg", "width": 400, "height": 400, "file_name": "chunk_2000_1600.jpg", "annotated": false, "annotating": [], "num_annotations": 0, "metadata": {}, "deleted": false, "milliseconds": 0, "events": [], "regenerate_thumbnail": false}, {"id": 15, "dataset_id": 1, "category_ids": [], "path": "/datasets/drone_imagens/filled_chunks/chunk_2000_800.jpg", "width": 400, "height": 400, "file_name": "chunk_2000_800.jpg", "annotated": false, "annotating": [], "num_annotations": 0, "metadata": {}, "deleted": false, "milliseconds": 0, "events": [], "regenerate_thumbnail": false}, {"id": 16, "dataset_id": 1, "category_ids": [], "path": "/datasets/drone_imagens/filled_chunks/chunk_2400_1200.jpg", "width": 400, "height": 400, "file_name": "chunk_2400_1200.jpg", "annotated": false, "annotating": [], "num_annotations": 0, "metadata": {}, "deleted": false, "milliseconds": 0, "events": [], "regenerate_thumbnail": false}, {"id": 17, "dataset_id": 1, "category_ids": [], "path": "/datasets/drone_imagens/filled_chunks/chunk_2400_1600.jpg", "width": 400, "height": 400, "file_name": "chunk_2400_1600.jpg", "annotated": false, "annotating": [], "num_annotations": 0, "metadata": {}, "deleted": false, "milliseconds": 0, "events": [], "regenerate_thumbnail": false}, {"id": 18, "dataset_id": 1, "category_ids": [], "path": "/datasets/drone_imagens/filled_chunks/chunk_2400_800.jpg", "width": 400, "height": 400, "file_name": "chunk_2400_800.jpg", "annotated": false, "annotating": [], "num_annotations": 0, "metadata": {}, "deleted": false, "milliseconds": 0, "events": [], "regenerate_thumbnail": false}, {"id": 19, "dataset_id": 1, "category_ids": [], "path": "/datasets/drone_imagens/filled_chunks/chunk_2800_1200.jpg", "width": 400, "height": 400, "file_name": "chunk_2800_1200.jpg", "annotated": false, "annotating": [], "num_annotations": 0, "metadata": {}, "deleted": false, "milliseconds": 0, "events": [], "regenerate_thumbnail": false}, {"id": 20, "dataset_id": 1, "category_ids": [], "path": "/datasets/drone_imagens/filled_chunks/chunk_2800_1600.jpg", "width": 400, "height": 400, "file_name": "chunk_2800_1600.jpg", "annotated": false, "annotating": [], "num_annotations": 0, "metadata": {}, "deleted": false, "milliseconds": 0, "events": [], "regenerate_thumbnail": false}, {"id": 21, "dataset_id": 1, "category_ids": [], "path": "/datasets/drone_imagens/filled_chunks/chunk_2800_800.jpg", "width": 400, "height": 400, "file_name": "chunk_2800_800.jpg", "annotated": false, "annotating": [], "num_annotations": 0, "metadata": {}, "deleted": false, "milliseconds": 0, "events": [], "regenerate_thumbnail": false}, {"id": 22, "dataset_id": 1, "category_ids": [], "path": "/datasets/drone_imagens/filled_chunks/chunk_3200_1200.jpg", "width": 400, "height": 400, "file_name": "chunk_3200_1200.jpg", "annotated": false, "annotating": [], "num_annotations": 0, "metadata": {}, "deleted": false, "milliseconds": 0, "events": [], "regenerate_thumbnail": false}, {"id": 23, "dataset_id": 1, "category_ids": [], "path": "/datasets/drone_imagens/filled_chunks/chunk_3200_1600.jpg", "width": 400, "height": 400, "file_name": "chunk_3200_1600.jpg", "annotated": false, "annotating": [], "num_annotations": 0, "metadata": {}, "deleted": false, "milliseconds": 0, "events": [], "regenerate_thumbnail": false}, {"id": 24, "dataset_id": 1, "category_ids": [], "path": "/datasets/drone_imagens/filled_chunks/chunk_3200_2000.jpg", "width": 400, "height": 400, "file_name": "chunk_3200_2000.jpg", "annotated": false, "annotating": [], "num_annotations": 0, "metadata": {}, "deleted": false, "milliseconds": 0, "events": [], "regenerate_thumbnail": false}, {"id": 25, "dataset_id": 1, "category_ids": [], "path": "/datasets/drone_imagens/filled_chunks/chunk_3200_2400.jpg", "width": 400, "height": 400, "file_name": "chunk_3200_2400.jpg", "annotated": false, "annotating": [], "num_annotations": 0, "metadata": {}, "deleted": false, "milliseconds": 0, "events": [], "regenerate_thumbnail": false}, {"id": 26, "dataset_id": 1, "category_ids": [], "path": "/datasets/drone_imagens/filled_chunks/chunk_3200_2800.jpg", "width": 400, "height": 400, "file_name": "chunk_3200_2800.jpg", "annotated": false, "annotating": [], "num_annotations": 0, "metadata": {}, "deleted": false, "milliseconds": 0, "events": [], "regenerate_thumbnail": false}, {"id": 27, "dataset_id": 1, "category_ids": [], "path": "/datasets/drone_imagens/filled_chunks/chunk_3200_800.jpg", "width": 400, "height": 400, "file_name": "chunk_3200_800.jpg", "annotated": false, "annotating": [], "num_annotations": 0, "metadata": {}, "deleted": false, "milliseconds": 0, "events": [], "regenerate_thumbnail": false}, {"id": 28, "dataset_id": 1, "category_ids": [], "path": "/datasets/drone_imagens/filled_chunks/chunk_3600_1200.jpg", "width": 400, "height": 400, "file_name": "chunk_3600_1200.jpg", "annotated": false, "annotating": [], "num_annotations": 0, "metadata": {}, "deleted": false, "milliseconds": 0, "events": [], "regenerate_thumbnail": false}, {"id": 29, "dataset_id": 1, "category_ids": [], "path": "/datasets/drone_imagens/filled_chunks/chunk_3600_1600.jpg", "width": 400, "height": 400, "file_name": "chunk_3600_1600.jpg", "annotated": false, "annotating": [], "num_annotations": 0, "metadata": {}, "deleted": false, "milliseconds": 0, "events": [], "regenerate_thumbnail": false}, {"id": 30, "dataset_id": 1, "category_ids": [], "path": "/datasets/drone_imagens/filled_chunks/chunk_3600_2000.jpg", "width": 400, "height": 400, "file_name": "chunk_3600_2000.jpg", "annotated": false, "annotating": [], "num_annotations": 0, "metadata": {}, "deleted": false, "milliseconds": 0, "events": [], "regenerate_thumbnail": false}, {"id": 31, "dataset_id": 1, "category_ids": [], "path": "/datasets/drone_imagens/filled_chunks/chunk_3600_2400.jpg", "width": 400, "height": 400, "file_name": "chunk_3600_2400.jpg", "annotated": false, "annotating": [], "num_annotations": 0, "metadata": {}, "deleted": false, "milliseconds": 0, "events": [], "regenerate_thumbnail": false}, {"id": 32, "dataset_id": 1, "category_ids": [], "path": "/datasets/drone_imagens/filled_chunks/chunk_3600_2800.jpg", "width": 400, "height": 400, "file_name": "chunk_3600_2800.jpg", "annotated": false, "annotating": [], "num_annotations": 0, "metadata": {}, "deleted": false, "milliseconds": 0, "events": [], "regenerate_thumbnail": false}, {"id": 33, "dataset_id": 1, "category_ids": [], "path": "/datasets/drone_imagens/filled_chunks/chunk_3600_800.jpg", "width": 400, "height": 400, "file_name": "chunk_3600_800.jpg", "annotated": false, "annotating": [], "num_annotations": 0, "metadata": {}, "deleted": false, "milliseconds": 0, "events": [], "regenerate_thumbnail": false}, {"id": 34, "dataset_id": 1, "category_ids": [], "path": "/datasets/drone_imagens/filled_chunks/chunk_4000_1200.jpg", "width": 400, "height": 400, "file_name": "chunk_4000_1200.jpg", "annotated": false, "annotating": [], "num_annotations": 0, "metadata": {}, "deleted": false, "milliseconds": 0, "events": [], "regenerate_thumbnail": false}, {"id": 35, "dataset_id": 1, "category_ids": [], "path": "/datasets/drone_imagens/filled_chunks/chunk_4000_1600.jpg", "width": 400, "height": 400, "file_name": "chunk_4000_1600.jpg", "annotated": false, "annotating": [], "num_annotations": 0, "metadata": {}, "deleted": false, "milliseconds": 0, "events": [], "regenerate_thumbnail": false}, {"id": 36, "dataset_id": 1, "category_ids": [], "path": "/datasets/drone_imagens/filled_chunks/chunk_4000_2000.jpg", "width": 400, "height": 400, "file_name": "chunk_4000_2000.jpg", "annotated": false, "annotating": [], "num_annotations": 0, "metadata": {}, "deleted": false, "milliseconds": 0, "events": [], "regenerate_thumbnail": false}, {"id": 37, "dataset_id": 1, "category_ids": [], "path": "/datasets/drone_imagens/filled_chunks/chunk_4000_2400.jpg", "width": 400, "height": 400, "file_name": "chunk_4000_2400.jpg", "annotated": false, "annotating": [], "num_annotations": 0, "metadata": {}, "deleted": false, "milliseconds": 0, "events": [], "regenerate_thumbnail": false}, {"id": 39, "dataset_id": 1, "category_ids": [], "path": "/datasets/drone_imagens/filled_chunks/chunk_4000_800.jpg", "width": 400, "height": 400, "file_name": "chunk_4000_800.jpg", "annotated": false, "annotating": [], "num_annotations": 0, "metadata": {}, "deleted": false, "milliseconds": 0, "events": [], "regenerate_thumbnail": false}, {"id": 40, "dataset_id": 1, "category_ids": [], "path": "/datasets/drone_imagens/filled_chunks/chunk_400_1600.jpg", "width": 400, "height": 400, "file_name": "chunk_400_1600.jpg", "annotated": false, "annotating": [], "num_annotations": 0, "metadata": {}, "deleted": false, "milliseconds": 0, "events": [], "regenerate_thumbnail": false}, {"id": 41, "dataset_id": 1, "category_ids": [], "path": "/datasets/drone_imagens/filled_chunks/chunk_400_2000.jpg", "width": 400, "height": 400, "file_name": "chunk_400_2000.jpg", "annotated": false, "annotating": [], "num_annotations": 0, "metadata": {}, "deleted": false, "milliseconds": 0, "events": [], "regenerate_thumbnail": false}, {"id": 42, "dataset_id": 1, "category_ids": [], "path": "/datasets/drone_imagens/filled_chunks/chunk_400_2400.jpg", "width": 400, "height": 400, "file_name": "chunk_400_2400.jpg", "annotated": false, "annotating": [], "num_annotations": 0, "metadata": {}, "deleted": false, "milliseconds": 0, "events": [], "regenerate_thumbnail": false}, {"id": 43, "dataset_id": 1, "category_ids": [], "path": "/datasets/drone_imagens/filled_chunks/chunk_400_2800.jpg", "width": 400, "height": 400, "file_name": "chunk_400_2800.jpg", "annotated": false, "annotating": [], "num_annotations": 0, "metadata": {}, "deleted": false, "milliseconds": 0, "events": [], "regenerate_thumbnail": false}, {"id": 44, "dataset_id": 1, "category_ids": [], "path": "/datasets/drone_imagens/filled_chunks/chunk_4400_1200.jpg", "width": 400, "height": 400, "file_name": "chunk_4400_1200.jpg", "annotated": false, "annotating": [], "num_annotations": 0, "metadata": {}, "deleted": false, "milliseconds": 0, "events": [], "regenerate_thumbnail": false}, {"id": 45, "dataset_id": 1, "category_ids": [], "path": "/datasets/drone_imagens/filled_chunks/chunk_4400_1600.jpg", "width": 400, "height": 400, "file_name": "chunk_4400_1600.jpg", "annotated": false, "annotating": [], "num_annotations": 0, "metadata": {}, "deleted": false, "milliseconds": 0, "events": [], "regenerate_thumbnail": false}, {"id": 46, "dataset_id": 1, "category_ids": [], "path": "/datasets/drone_imagens/filled_chunks/chunk_4400_2000.jpg", "width": 400, "height": 400, "file_name": "chunk_4400_2000.jpg", "annotated": false, "annotating": [], "num_annotations": 0, "metadata": {}, "deleted": false, "milliseconds": 0, "events": [], "regenerate_thumbnail": false}, {"id": 47, "dataset_id": 1, "category_ids": [], "path": "/datasets/drone_imagens/filled_chunks/chunk_4400_400.jpg", "width": 400, "height": 400, "file_name": "chunk_4400_400.jpg", "annotated": false, "annotating": [], "num_annotations": 0, "metadata": {}, "deleted": false, "milliseconds": 0, "events": [], "regenerate_thumbnail": false}, {"id": 48, "dataset_id": 1, "category_ids": [], "path": "/datasets/drone_imagens/filled_chunks/chunk_4400_800.jpg", "width": 400, "height": 400, "file_name": "chunk_4400_800.jpg", "annotated": false, "annotating": [], "num_annotations": 0, "metadata": {}, "deleted": false, "milliseconds": 0, "events": [], "regenerate_thumbnail": false}, {"id": 50, "dataset_id": 1, "category_ids": [], "path": "/datasets/drone_imagens/filled_chunks/chunk_4800_1200.jpg", "width": 400, "height": 400, "file_name": "chunk_4800_1200.jpg", "annotated": false, "annotating": [], "num_annotations": 0, "metadata": {}, "deleted": false, "milliseconds": 0, "events": [], "regenerate_thumbnail": false}, {"id": 51, "dataset_id": 1, "category_ids": [], "path": "/datasets/drone_imagens/filled_chunks/chunk_4800_1600.jpg", "width": 400, "height": 400, "file_name": "chunk_4800_1600.jpg", "annotated": false, "annotating": [], "num_annotations": 0, "metadata": {}, "deleted": false, "milliseconds": 0, "events": [], "regenerate_thumbnail": false}, {"id": 52, "dataset_id": 1, "category_ids": [], "path": "/datasets/drone_imagens/filled_chunks/chunk_4800_400.jpg", "width": 400, "height": 400, "file_name": "chunk_4800_400.jpg", "annotated": false, "annotating": [], "num_annotations": 0, "metadata": {}, "deleted": false, "milliseconds": 0, "events": [], "regenerate_thumbnail": false}, {"id": 53, "dataset_id": 1, "category_ids": [], "path": "/datasets/drone_imagens/filled_chunks/chunk_4800_800.jpg", "width": 400, "height": 400, "file_name": "chunk_4800_800.jpg", "annotated": false, "annotating": [], "num_annotations": 0, "metadata": {}, "deleted": false, "milliseconds": 0, "events": [], "regenerate_thumbnail": false}, {"id": 54, "dataset_id": 1, "category_ids": [], "path": "/datasets/drone_imagens/filled_chunks/chunk_5200_0.jpg", "width": 400, "height": 400, "file_name": "chunk_5200_0.jpg", "annotated": false, "annotating": [], "num_annotations": 0, "metadata": {}, "deleted": false, "milliseconds": 0, "events": [], "regenerate_thumbnail": false}, {"id": 55, "dataset_id": 1, "category_ids": [], "path": "/datasets/drone_imagens/filled_chunks/chunk_5200_400.jpg", "width": 400, "height": 400, "file_name": "chunk_5200_400.jpg", "annotated": false, "annotating": [], "num_annotations": 0, "metadata": {}, "deleted": false, "milliseconds": 0, "events": [], "regenerate_thumbnail": false}, {"id": 56, "dataset_id": 1, "category_ids": [], "path": "/datasets/drone_imagens/filled_chunks/chunk_5200_800.jpg", "width": 400, "height": 400, "file_name": "chunk_5200_800.jpg", "annotated": false, "annotating": [], "num_annotations": 0, "metadata": {}, "deleted": false, "milliseconds": 0, "events": [], "regenerate_thumbnail": false}, {"id": 57, "dataset_id": 1, "category_ids": [], "path": "/datasets/drone_imagens/filled_chunks/chunk_5600_0.jpg", "width": 400, "height": 400, "file_name": "chunk_5600_0.jpg", "annotated": false, "annotating": [], "num_annotations": 0, "metadata": {}, "deleted": false, "milliseconds": 0, "events": [], "regenerate_thumbnail": false}, {"id": 58, "dataset_id": 1, "category_ids": [], "path": "/datasets/drone_imagens/filled_chunks/chunk_5600_400.jpg", "width": 400, "height": 400, "file_name": "chunk_5600_400.jpg", "annotated": false, "annotating": [], "num_annotations": 0, "metadata": {}, "deleted": false, "milliseconds": 0, "events": [], "regenerate_thumbnail": false}, {"id": 59, "dataset_id": 1, "category_ids": [], "path": "/datasets/drone_imagens/filled_chunks/chunk_5600_800.jpg", "width": 400, "height": 400, "file_name": "chunk_5600_800.jpg", "annotated": false, "annotating": [], "num_annotations": 0, "metadata": {}, "deleted": false, "milliseconds": 0, "events": [], "regenerate_thumbnail": false}, {"id": 60, "dataset_id": 1, "category_ids": [], "path": "/datasets/drone_imagens/filled_chunks/chunk_800_1200.jpg", "width": 400, "height": 400, "file_name": "chunk_800_1200.jpg", "annotated": false, "annotating": [], "num_annotations": 0, "metadata": {}, "deleted": false, "milliseconds": 0, "events": [], "regenerate_thumbnail": false}, {"id": 61, "dataset_id": 1, "category_ids": [], "path": "/datasets/drone_imagens/filled_chunks/chunk_800_1600.jpg", "width": 400, "height": 400, "file_name": "chunk_800_1600.jpg", "annotated": false, "annotating": [], "num_annotations": 0, "metadata": {}, "deleted": false, "milliseconds": 0, "events": [], "regenerate_thumbnail": false}, {"id": 62, "dataset_id": 1, "category_ids": [], "path": "/datasets/drone_imagens/filled_chunks/chunk_800_2000.jpg", "width": 400, "height": 400, "file_name": "chunk_800_2000.jpg", "annotated": false, "annotating": [], "num_annotations": 0, "metadata": {}, "deleted": false, "milliseconds": 0, "events": [], "regenerate_thumbnail": false}, {"id": 63, "dataset_id": 1, "category_ids": [], "path": "/datasets/drone_imagens/filled_chunks/chunk_800_2400.jpg", "width": 400, "height": 400, "file_name": "chunk_800_2400.jpg", "annotated": false, "annotating": [], "num_annotations": 0, "metadata": {}, "deleted": false, "milliseconds": 0, "events": [], "regenerate_thumbnail": false}, {"id": 64, "dataset_id": 1, "category_ids": [], "path": "/datasets/drone_imagens/filled_chunks/chunk_800_2800.jpg", "width": 400, "height": 400, "file_name": "chunk_800_2800.jpg", "annotated": false, "annotating": [], "num_annotations": 0, "metadata": {}, "deleted": false, "milliseconds": 0, "events": [], "regenerate_thumbnail": false}], "categories": [{"id": 1, "name": "floresta", "supercategory": "", "color": "#63eed2", "metadata": {}, "keypoint_colors": []}], "annotations": [{"id": 13, "image_id": 3, "category_id": 1, "segmentation": [[98.3, 59.3, 99.4, 62.0, 97.8, 69.4, 105.7, 76.2, 105.2, 92.6, 103.1, 90.5, 99.4, 93.7, 99.4, 101.6, 103.1, 110.6, 103.1, 115.4, 97.3, 122.3, 97.3, 130.2, 99.4, 137.1, 94.6, 144.0, 95.1, 149.8, 103.1, 156.1, 103.1, 160.9, 100.4, 167.8, 101.5, 190.0, 98.3, 190.0, 88.3, 183.7, 87.2, 126.0, 90.4, 113.3, 90.4, 101.1, 86.2, 83.7, 83.0, 77.3, 83.0, 72.5, 83.5, 68.3, 93.0, 60.4]], "area": 1626, "bbox": [83.0, 60.0, 23.0, 130.0], "iscrowd": false, "isbbox": false, "color": "#5cf8d0", "metadata": {}}, {"id": 14, "image_id": 3, "category_id": 1, "segmentation": [[193.0, 398.5, 190.4, 396.9, 189.3, 391.6, 198.9, 389.5, 203.1, 385.2, 207.3, 384.2, 210.0, 373.6, 215.8, 371.0, 216.8, 366.7, 222.7, 365.1, 225.8, 368.3, 231.7, 369.9, 234.8, 381.0, 229.5, 387.9, 229.5, 393.2, 232.2, 394.8, 231.7, 398.5, 225.8, 400.6, 221.6, 400.6, 219.0, 398.5, 198.3, 399.0]], "area": 909, "bbox": [190.0, 365.0, 45.0, 35.0], "iscrowd": false, "isbbox": false, "color": "#b91340", "metadata": {}}, {"id": 15, "image_id": 3, "category_id": 1, "segmentation": [[107.3, 189.5, 107.3, 174.7, 111.6, 170.4, 111.6, 165.7, 107.8, 159.3, 110.5, 146.6, 107.3, 142.9, 107.3, 138.7, 110.0, 136.0, 110.0, 133.4, 108.4, 131.3, 99.9, 131.3, 99.9, 129.7, 101.5, 127.0, 110.5, 124.9, 111.6, 121.2, 113.1, 112.2, 113.1, 78.9, 115.3, 72.5, 120.5, 70.4, 138.0, 71.0, 146.5, 75.2, 150.2, 83.7, 154.4, 86.3, 158.6, 87.9, 166.6, 87.9, 172.9, 84.7, 177.2, 86.3, 183.0, 92.6, 186.2, 92.1, 189.3, 86.3, 196.7, 88.4, 198.3, 90.0, 198.3, 93.2, 203.6, 95.3, 204.7, 97.9, 210.0, 102.2, 212.1, 109.0, 211.6, 119.1, 204.1, 119.1, 201.0, 114.9, 196.7, 112.8, 188.8, 112.8, 186.2, 114.9, 186.2, 119.6, 184.6, 119.6, 179.8, 118.0, 178.2, 113.3, 172.9, 114.3, 168.2, 110.1, 161.8, 110.6, 156.0, 113.3, 153.9, 122.8, 151.2, 126.0, 142.8, 128.6, 142.8, 130.2, 146.5, 129.7, 149.6, 131.3, 150.2, 141.9, 156.0, 150.3, 156.0, 157.2, 150.7, 162.0, 150.7, 164.6, 154.4, 170.4, 162.3, 174.7, 161.8, 211.2, 158.1, 228.1, 154.9, 228.1, 152.8, 223.9, 147.5, 224.9, 140.1, 233.4, 140.1, 237.1, 143.8, 242.4, 143.8, 245.0, 140.1, 246.6, 132.7, 243.4, 127.4, 248.2, 126.4, 258.3, 122.1, 265.1, 118.4, 266.7, 115.3, 266.7, 113.7, 265.1, 108.9, 258.3, 108.4, 254.6, 111.6, 251.4, 118.4, 249.8, 119.0, 245.6, 103.6, 236.0, 101.0, 228.1, 98.9, 227.6, 99.4, 224.4, 103.6, 219.6, 107.3, 218.6, 107.3, 211.7, 98.3, 212.8, 99.9, 210.6, 107.3, 208.0, 107.3, 204.3, 104.7, 201.1, 104.7, 195.8, 108.4, 193.2, 111.0, 193.2]], "area": 9534, "bbox": [99.0, 70.0, 113.0, 197.0], "iscrowd": false, "isbbox": false, "color": "#c90035", "metadata": {}}, {"id": 16, "image_id": 3, "category_id": 1, "segmentation": [[115.8, 266.2, 121.1, 266.2, 127.4, 262.0, 128.5, 249.3, 130.6, 247.1, 136.9, 247.1, 136.4, 252.4, 139.1, 253.5, 142.8, 251.4, 153.9, 250.8, 162.9, 245.0, 171.3, 245.6, 170.3, 260.4, 175.6, 267.8, 175.6, 273.1, 171.9, 277.8, 171.3, 313.3, 163.9, 307.5, 163.4, 299.5, 161.3, 295.3, 151.2, 290.5, 148.6, 284.7, 142.8, 284.7, 136.9, 293.7, 132.2, 293.7, 128.0, 290.5, 122.1, 289.5, 122.1, 279.9, 119.0, 269.9, 106.3, 268.3, 106.8, 264.6, 111.0, 263.0]], "area": 2283, "bbox": [106.0, 245.0, 70.0, 68.0], "iscrowd": false, "isbbox": false, "color": "#4c02ea", "metadata": {}}, {"id": 17, "image_id": 3, "category_id": 1, "segmentation": [[223.2, 216.5, 232.2, 214.9, 235.9, 211.2, 241.2, 211.2, 243.3, 213.3, 246.5, 213.3, 253.4, 206.4, 260.2, 206.9, 262.3, 215.9, 266.6, 217.5, 266.6, 224.9, 257.1, 229.7, 254.4, 232.3, 254.4, 236.6, 256.5, 241.3, 260.2, 242.9, 262.3, 246.6, 263.9, 260.4, 259.2, 266.7, 253.4, 270.4, 247.0, 272.0, 242.2, 281.5, 251.2, 281.5, 253.9, 283.1, 252.3, 293.2, 256.0, 294.8, 256.0, 296.9, 253.4, 301.1, 242.8, 309.6, 235.4, 309.6, 230.1, 304.3, 221.1, 306.4, 221.6, 311.2, 227.4, 317.0, 229.0, 321.2, 229.5, 335.0, 227.4, 331.3, 225.8, 331.3, 224.2, 337.6, 218.4, 338.7, 217.9, 346.1, 211.6, 347.1, 206.3, 343.4, 205.2, 339.2, 200.4, 335.5, 200.4, 333.9, 208.4, 327.6, 208.9, 320.7, 214.7, 314.3, 215.3, 299.0, 217.4, 297.4, 222.7, 297.9, 222.1, 287.4, 218.4, 284.7, 218.4, 278.4, 214.7, 277.3, 212.1, 270.4, 207.3, 268.8, 199.4, 270.4, 199.4, 292.1, 202.0, 297.4, 198.9, 298.5, 195.7, 294.2, 188.8, 295.8, 181.9, 303.2, 180.9, 313.8, 177.7, 315.4, 170.8, 314.9, 170.8, 297.9, 175.0, 275.7, 175.0, 266.2, 177.2, 262.0, 176.6, 253.0, 175.0, 250.8, 175.0, 246.1, 177.2, 241.3, 179.3, 238.7, 184.6, 238.7, 193.6, 234.4, 203.1, 227.6, 206.3, 224.4, 207.3, 212.8, 213.1, 212.2, 218.4, 214.3]], "area": 6984, "bbox": [171.0, 206.0, 96.0, 141.0], "iscrowd": false, "isbbox": false, "color": "#0ddda6", "metadata": {}}, {"id": 18, "image_id": 3, "category_id": 1, "segmentation": [[125.3, 0.1, 128.0, 1.1, 128.0, 4.3, 123.7, 9.0, 123.7, 12.8, 130.1, 18.0, 135.4, 20.2, 138.0, 22.8, 140.7, 29.7, 145.9, 35.0, 144.9, 42.9, 142.8, 45.0, 140.1, 45.0, 140.1, 38.7, 137.5, 36.6, 131.7, 37.6, 130.1, 43.4, 144.4, 48.7, 152.8, 55.6, 153.4, 74.7, 151.2, 76.8, 143.8, 75.2, 138.0, 71.0, 136.9, 67.8, 126.9, 67.8, 123.7, 65.7, 125.8, 67.2, 124.8, 69.9, 116.8, 70.4, 117.9, 65.7, 121.9, 64.3, 116.3, 56.7, 115.8, 44.5, 120.0, 30.2, 117.9, 0.1]], "area": 1545, "bbox": [116.0, 0.0, 37.0, 77.0], "iscrowd": false, "isbbox": false, "color": "#4ff35e", "metadata": {}}, {"id": 19, "image_id": 3, "category_id": 1, "segmentation": [[178.2, 0.4, 241.9, -0.5, 263.9, 1.8, 263.9, 0.6, 303.6, -0.5, 398.9, 0.6, 398.9, 137.1, 380.3, 140.8, 380.3, 138.1, 371.9, 136.6, 317.4, 133.9, 281.4, 129.2, 284.9, 112.9, 280.9, 122.8, 280.9, 132.9, 286.2, 135.0, 281.8, 148.0, 286.2, 138.1, 287.4, 139.0, 288.3, 136.6, 282.5, 130.7, 306.3, 133.4, 307.3, 140.3, 312.6, 140.3, 314.2, 135.5, 370.8, 138.1, 371.3, 141.3, 374.5, 142.9, 399.9, 139.2, 399.4, 330.2, 388.3, 322.3, 385.1, 314.9, 377.2, 319.6, 370.3, 313.8, 374.5, 306.9, 368.7, 304.8, 360.2, 306.9, 351.8, 291.1, 349.1, 291.1, 347.0, 286.8, 339.1, 284.7, 336.4, 274.7, 324.8, 267.8, 319.5, 260.9, 312.1, 257.2, 314.2, 255.6, 304.1, 246.6, 299.9, 239.7, 298.3, 243.4, 294.6, 244.0, 295.7, 247.1, 297.8, 247.7, 296.7, 250.8, 290.9, 251.4, 284.0, 246.1, 284.0, 237.6, 288.3, 237.1, 288.3, 230.2, 284.6, 228.1, 283.0, 221.2, 279.8, 219.1, 275.0, 219.1, 272.9, 215.9, 273.5, 210.6, 269.8, 210.6, 265.0, 217.0, 259.7, 205.3, 253.4, 206.4, 246.5, 213.8, 240.7, 212.8, 233.8, 209.0, 233.2, 196.3, 244.9, 197.4, 245.9, 201.6, 268.7, 187.4, 277.7, 189.5, 283.0, 175.2, 278.2, 165.1, 286.7, 141.1, 281.1, 150.9, 278.2, 162.5, 276.1, 165.1, 273.5, 165.1, 264.5, 160.4, 256.5, 160.4, 248.1, 164.6, 244.9, 170.4, 235.9, 169.9, 226.9, 159.3, 220.5, 157.7, 220.5, 152.4, 224.2, 146.6, 219.5, 141.9, 218.4, 136.0, 224.2, 125.4, 224.2, 119.1, 220.5, 112.8, 219.5, 106.4, 215.8, 106.4, 214.2, 116.5, 213.1, 116.5, 210.0, 113.8, 212.1, 108.5, 212.1, 102.7, 199.4, 93.2, 199.9, 88.9, 189.3, 85.2, 187.2, 92.1, 183.5, 92.1, 177.2, 85.8, 160.2, 87.4, 150.2, 81.0, 150.7, 75.7, 154.4, 73.1, 153.9, 60.4, 152.3, 54.0, 148.1, 50.3, 148.1, 48.2, 153.9, 36.6, 153.9, 28.1, 156.0, 24.4, 154.4, 13.8, 151.8, 8.5, 148.6, 6.4, 149.6, 0.6, 154.3, -1.3, 168.2, 0.4, 174.9, -0.3], [301.9, 13.9, 303.5, 14.1, 303.2, 3.0], [302.5, 17.8, 301.0, 17.3, 302.5, 17.8, 300.4, 23.5, 299.3, 23.2, 287.7, 76.8, 286.2, 101.7, 288.3, 83.7, 299.4, 24.9, 302.0, 27.0, 303.3, 16.0], [204.1, 90.3, 205.7, 92.1, 204.7, 90.5]], "area": 50027, "bbox": [148.0, 0.0, 252.0, 329.0], "iscrowd": false, "isbbox": false, "color": "#3cd9a8", "metadata": {}}, {"id": 34, "image_id": 5, "category_id": 1, "segmentation": [[208.5, 398.7, 201.6, 396.3, 201.6, 399.2, 198.9, 400.3, 178.3, 402.4, 99.5, 400.8, 84.7, 398.9, 9.5, 399.2, -1.1, 397.1, -1.1, 392.3, 2.1, 381.7, 22.8, 382.8, 18.0, 361.6, 25.4, 354.2, 47.6, 339.9, 65.6, 317.7, 84.1, 309.3, 87.3, 303.4, 91.0, 301.9, 121.2, 298.1, 128.0, 293.9, 140.2, 281.7, 146.6, 277.5, 153.4, 277.0, 163.0, 279.6, 167.7, 286.0, 172.5, 289.2, 174.1, 294.4, 175.7, 292.9, 179.9, 292.9, 191.5, 299.7, 197.9, 307.1, 206.9, 325.1, 215.3, 329.4, 213.2, 330.4, 213.2, 334.7, 213.8, 339.9, 218.0, 350.0, 218.0, 362.7, 213.8, 371.7, 213.2, 379.6, 219.0, 384.4, 219.0, 390.7, 213.8, 398.1], [113.8, 396.0, 103.0, 397.1, 136.3, 395.3], [403.7, 50.0, 406.3, 56.3, 405.8, 114.6, 401.1, 178.6, 397.9, 196.6, 397.9, 226.7, 401.6, 279.1, 401.6, 300.3, 398.9, 306.6, 400.0, 358.5, 397.9, 399.2, 345.5, 400.3, 318.0, 397.6, 309.0, 400.8, 296.3, 400.3, 294.2, 397.1, 293.7, 387.6, 289.9, 374.9, 282.5, 365.3, 282.5, 374.3, 291.0, 387.6, 289.9, 398.1, 274.6, 400.3, 259.8, 397.6, 258.7, 392.9, 256.6, 390.7, 246.0, 391.8, 245.5, 384.9, 241.3, 380.2, 241.3, 373.8, 247.1, 366.9, 247.6, 360.6, 243.4, 352.1, 238.1, 351.6, 232.3, 340.5, 232.3, 335.7, 234.4, 337.3, 239.2, 336.8, 239.2, 335.2, 234.4, 332.0, 233.9, 328.3, 240.2, 325.7, 236.5, 322.5, 234.4, 314.6, 228.0, 310.3, 228.0, 306.1, 232.3, 301.9, 241.3, 298.1, 241.3, 292.9, 237.0, 290.7, 238.6, 277.0, 240.7, 273.8, 243.4, 277.5, 244.4, 251.6, 249.7, 251.6, 251.9, 254.8, 256.6, 278.0, 263.0, 299.2, 263.0, 313.0, 259.3, 326.2, 259.3, 336.8, 265.6, 346.8, 265.6, 311.4, 258.7, 273.3, 255.6, 236.2, 251.9, 220.9, 251.9, 212.4, 255.0, 203.4, 253.4, 174.9, 270.9, 156.3, 279.9, 153.2, 284.7, 146.8, 294.2, 139.9, 299.5, 133.6, 302.1, 125.7, 306.3, 119.3, 319.0, 109.8, 331.2, 95.5, 349.7, 83.9, 363.0, 71.7, 366.7, 70.1, 372.5, 62.2, 386.2, 54.2, 393.1, 53.2, 398.9, 46.8], [341.3, 2.9, 334.4, 7.7, 331.2, 14.0, 325.9, 18.8, 297.9, 38.4, 273.0, 61.6, 266.1, 60.6, 264.0, 58.5, 264.0, 55.3, 278.3, 44.7, 278.8, 34.7, 277.2, 33.6, 265.1, 33.6, 258.2, 39.9, 256.6, 44.2, 231.7, 51.6, 222.2, 59.0, 213.8, 60.1, 209.5, 44.7, 210.1, 34.7, 213.8, 31.5, 222.2, 31.0, 224.3, 15.1, 228.0, 11.4, 236.0, 10.8, 244.4, -0.3, 274.1, -1.3, 314.3, 2.4, 341.8, 2.4], [179.9, 53.2, 181.5, 56.9, 180.4, 100.3, 170.9, 106.1, 164.6, 106.6, 161.4, 100.3, 161.4, 93.9, 177.2, 57.9], [124.3, 234.1, 121.6, 231.3, 125.1, 234.0], [109.5, 214.0, 109.5, 210.8, 111.3, 210.4, 111.9, 215.0]], "area": 67536, "bbox": [0.0, 0.0, 400.0, 400.0], "iscrowd": false, "isbbox": false, "color": "#9ee56c", "metadata": {}}, {"id": 35, "image_id": 6, "category_id": 1, "segmentation": [[205.8, 1.3, 205.8, 11.9, 199.5, 14.0, 198.9, 19.3, 194.2, 22.0, 189.4, 27.2, 188.4, 33.6, 183.1, 39.4, 183.1, 50.0, 181.5, 52.1, 175.7, 53.2, 175.1, 62.7, 169.3, 73.8, 166.1, 92.9, 164.0, 92.9, 167.7, 118.3, 163.5, 127.8, 163.0, 145.2, 165.1, 151.1, 165.1, 164.3, 168.8, 171.7, 168.8, 179.1, 161.9, 192.9, 158.2, 205.0, 148.7, 213.0, 142.3, 223.0, 135.4, 227.2, 133.9, 235.7, 126.5, 242.1, 122.2, 244.2, 112.7, 245.2, 111.1, 249.5, 108.5, 251.1, 98.9, 251.6, 93.7, 243.1, 83.1, 242.1, 81.0, 239.4, 77.2, 239.9, 76.7, 245.8, 74.6, 248.9, 59.8, 250.0, 61.4, 271.2, 46.6, 273.3, 42.3, 277.5, 41.3, 281.7, 32.8, 286.0, 13.2, 286.5, 8.5, 292.3, 2.6, 293.9, -0.5, 284.4, -1.1, 246.8, -6.3, 213.5, -6.3, 196.0, 1.6, 132.0, 1.6, 117.2, -2.1, 89.7, -2.1, 60.6, -3.7, 45.2, -3.7, 13.5, -0.5, -1.3, 76.7, -1.3, 90.5, 0.8, 201.1, -1.3], [266.1, -0.8, 285.7, -4.0, 347.1, -4.0, 368.8, -0.3, 383.6, -0.3, 390.5, -2.4, 398.9, -1.3, 402.1, 8.7, 402.1, 50.5, 406.3, 127.2, 406.3, 177.5, 405.3, 209.3, 402.1, 228.8, 402.1, 248.9, 399.5, 263.8, 399.5, 317.2, 398.4, 322.0, 394.7, 325.1, 388.9, 324.6, 381.0, 311.9, 373.0, 306.6, 364.6, 305.6, 359.3, 300.8, 349.7, 287.6, 349.2, 279.1, 331.7, 270.6, 330.7, 262.2, 322.8, 254.2, 319.6, 247.9, 321.7, 244.7, 320.6, 237.8, 313.8, 233.6, 310.1, 233.6, 307.9, 237.8, 301.1, 237.3, 298.9, 235.7, 298.4, 228.3, 301.6, 225.1, 305.8, 224.1, 307.4, 218.3, 300.0, 207.7, 289.9, 208.2, 287.8, 206.6, 283.6, 201.3, 284.7, 196.6, 283.6, 191.3, 274.6, 186.5, 270.9, 187.0, 268.3, 191.3, 261.9, 189.7, 263.0, 184.4, 261.4, 182.8, 246.0, 178.6, 231.7, 169.0, 225.4, 161.1, 225.4, 146.3, 229.6, 122.0, 237.6, 104.5, 238.6, 96.0, 246.0, 90.7, 249.7, 84.9, 253.4, 83.9, 253.4, 68.0, 258.7, 60.6, 258.7, 58.5, 255.6, 54.8, 255.6, 51.6, 256.1, 50.0, 260.8, 48.9, 252.9, 43.7, 250.8, 40.5, 250.8, 31.5, 255.6, 21.4, 256.1, 9.8, 258.7, -0.8], [0.0, 336.2, 7.9, 338.4, 8.5, 334.7, 12.2, 328.8, 14.8, 327.8, 19.6, 327.8, 19.6, 332.0, 16.9, 337.8, 23.3, 337.8, 33.3, 331.5, 47.6, 329.4, 62.4, 329.4, 64.6, 323.5, 81.5, 319.3, 97.4, 317.7, 106.9, 314.0, 110.6, 314.0, 112.2, 316.1, 114.3, 316.1, 115.3, 309.8, 132.8, 309.8, 132.8, 308.2, 140.7, 305.6, 143.4, 301.9, 145.5, 301.3, 151.3, 301.9, 157.7, 306.1, 161.9, 306.1, 167.7, 300.8, 173.0, 298.7, 193.1, 299.2, 204.2, 311.4, 206.3, 322.0, 211.1, 327.8, 211.1, 334.1, 218.5, 342.6, 218.0, 356.3, 221.7, 363.2, 221.7, 368.5, 216.4, 373.8, 215.3, 377.5, 215.3, 383.9, 217.5, 386.0, 217.5, 398.7, 175.1, 398.1, 118.0, 402.9, 14.8, 401.3, 2.6, 399.7, -2.1, 395.5, -4.2, 389.2, -3.7, 382.3, 2.5, 366.4, -1.1, 353.7, -1.1, 336.2, 0.0, 336.6], [3.7, 363.2, 3.7, 355.8, 2.6, 365.9]], "area": 100456, "bbox": [0.0, 0.0, 400.0, 400.0], "iscrowd": false, "isbbox": false, "color": "#18f2a9", "metadata": {}}, {"id": 36, "image_id": 7, "category_id": 1, "segmentation": [[216.9, -1.3, 213.8, 9.3, 213.8, 27.2, 209.0, 44.2, 208.5, 61.1, 205.3, 72.8, 205.3, 81.7, 195.8, 89.7, 193.7, 93.9, 193.1, 101.9, 191.5, 103.4, 192.1, 107.7, 201.6, 112.4, 204.8, 116.7, 207.9, 142.1, 216.9, 146.8, 221.2, 151.1, 227.0, 163.8, 227.0, 166.9, 218.0, 183.3, 225.9, 197.6, 225.9, 204.0, 220.6, 210.8, 220.6, 216.7, 227.5, 223.0, 227.0, 229.4, 220.6, 238.9, 221.7, 243.7, 225.4, 247.9, 225.4, 255.8, 223.3, 259.0, 222.2, 268.0, 216.4, 270.1, 213.2, 274.9, 213.2, 277.0, 215.9, 278.0, 216.4, 282.3, 221.2, 282.8, 221.2, 286.5, 214.3, 292.3, 208.5, 304.5, 185.7, 314.6, 165.6, 315.1, 161.4, 316.7, 156.1, 322.5, 138.6, 323.5, 123.8, 310.8, 104.8, 307.7, 97.9, 301.3, 85.7, 298.1, 67.7, 286.0, 58.7, 283.3, 45.5, 283.9, 38.6, 281.2, 36.0, 278.6, 21.2, 276.5, 15.3, 270.6, 12.7, 270.1, 8.5, 270.1, 3.7, 273.3, -2.1, 272.2, -1.1, 237.8, -6.9, 216.1, -7.9, 196.0, -7.4, 179.6, -2.6, 154.8, -0.5, 125.1, -3.7, 36.8, -2.6, -0.3, 7.9, -1.3, 43.4, 1.3, 76.7, 1.3, 119.6, -0.8, 192.1, -1.3]], "area": 64221, "bbox": [0.0, 0.0, 228.0, 324.0], "iscrowd": false, "isbbox": false, "color": "#9338ea", "metadata": {}}, {"id": 38, "image_id": 8, "category_id": 1, "segmentation": [[231.2, 399.7, 237.0, 389.7, 242.3, 384.9, 257.1, 377.0, 264.0, 377.0, 272.5, 374.3, 288.4, 362.2, 293.7, 355.8, 297.4, 344.2, 301.6, 336.8, 303.2, 327.8, 306.9, 324.1, 314.8, 322.0, 328.0, 322.0, 337.6, 317.7, 386.2, 304.5, 401.2, 305.6, 402.4, 313.4, 400.8, 348.2, 399.5, 351.6, 398.5, 349.5, 401.1, 366.9, 393.7, 369.6, 377.2, 381.7, 360.3, 391.3, 347.1, 403.4, 336.5, 407.7, 319.6, 409.8, 271.4, 408.7, 241.8, 406.1, 234.9, 404.0]], "area": 9447, "bbox": [231.0, 305.0, 169.0, 95.0], "iscrowd": false, "isbbox": false, "color": "#f806cf", "metadata": {}}, {"id": 40, "image_id": 9, "category_id": 1, "segmentation": [[0.5, 42.1, 11.1, 40.5, 15.9, 43.7, 19.6, 43.1, 23.3, 37.8, 27.5, 35.2, 28.6, 30.4, 43.4, 26.7, 45.0, 22.5, 48.7, 19.3, 57.7, 18.3, 62.4, 9.3, 73.5, 6.6, 76.2, 7.7, 77.2, 10.8, 84.7, 12.4, 89.4, 19.8, 97.4, 22.0, 106.3, 30.4, 109.5, 36.2, 115.3, 36.8, 120.1, 43.1, 128.6, 47.9, 138.1, 57.9, 139.7, 57.9, 141.8, 52.6, 157.1, 52.6, 163.5, 48.4, 166.7, 42.1, 176.2, 34.7, 176.7, 24.1, 185.2, 19.8, 189.9, 5.0, 198.9, -1.3, 266.1, 1.3, 277.8, -1.3, 371.4, -1.9, 401.7, 0.6, 401.2, 25.7, 402.9, 35.7, 401.2, 48.4, 400.2, 128.8, 402.8, 177.8, 389.9, 184.9, 382.5, 193.9, 378.8, 203.4, 379.4, 215.1, 380.4, 217.3, 379.9, 202.9, 381.5, 202.9, 384.7, 221.4, 391.0, 233.6, 395.8, 247.4, 401.9, 256.8, 400.7, 283.3, 401.7, 340.5, 404.9, 357.3, 402.6, 398.7, 386.8, 402.9, 352.4, 402.9, 299.3, 399.1, 298.9, 400.8, 274.2, 402.9, 265.1, 401.5, 253.6, 403.8, 245.0, 402.0, 234.0, 403.9, 225.4, 402.0, 211.1, 405.1, 203.2, 401.3, 194.2, 399.9, 179.6, 403.7, 169.1, 404.1, 133.9, 400.3, 106.3, 399.7, 109.6, 398.3, 78.8, 402.4, 51.3, 402.4, 1.1, 398.6, -3.9, 389.4, -0.2, 364.3, -1.8, 320.4, -0.2, 296.6, -2.4, 285.0, -1.2, 257.4, -3.3, 219.7, 1.1, 147.4, -1.1, 136.2, -1.1, 97.6, -3.2, 82.3, -2.6, 46.3], [403.2, 239.4, 401.1, 245.2, 399.5, 245.8, 389.9, 218.8, 389.4, 205.6, 394.7, 190.7, 397.9, 188.1, 404.0, 188.8, 404.0, 234.0]], "area": 153293, "bbox": [0.0, 0.0, 400.0, 400.0], "iscrowd": false, "isbbox": false, "color": "#74e164", "metadata": {}}, {"id": 41, "image_id": 10, "category_id": 1, "segmentation": [[-5.8, 82.3, -3.7, 42.6, -1.1, 22.0, -2.1, 15.6, -6.9, 6.1, -6.3, -2.9, 7.6, -4.9, 33.3, -2.0, 41.8, -3.2, 49.3, -6.6, 61.4, -3.6, 69.2, -4.6, 76.2, -7.5, 84.4, -3.1, 94.2, -1.5, 102.3, -2.6, 109.5, -5.7, 121.2, -3.1, 129.9, -4.4, 138.1, -8.0, 145.8, -4.4, 154.5, -3.1, 163.6, -4.1, 170.7, -7.2, 177.9, -3.5, 187.3, -2.0, 198.8, -4.3, 211.1, -1.5, 224.7, -5.2, 267.7, 0.6, 282.1, -3.0, 290.5, -1.0, 302.1, -3.3, 315.9, 0.1, 328.6, 0.1, 336.7, -1.0, 345.7, -5.5, 353.5, -1.8, 362.4, -0.4, 373.7, -2.6, 383.0, -8.6, 398.9, -1.9, 400.5, 39.4, 402.3, 48.7, 400.7, 58.5, 402.7, 69.2, 401.2, 75.4, 404.7, 89.4, 403.7, 92.3, 399.5, 95.0, 395.8, 93.9, 393.1, 90.2, 383.6, 90.2, 381.0, 93.9, 387.3, 109.3, 393.1, 117.2, 397.9, 145.2, 397.9, 151.6, 394.7, 157.4, 394.7, 175.4, 397.9, 188.1, 398.4, 208.7, 391.5, 220.4, 393.1, 233.1, 392.1, 238.9, 394.7, 245.2, 394.2, 260.6, 389.9, 271.7, 384.7, 278.0, 384.7, 291.8, 382.5, 297.6, 377.2, 301.9, 372.5, 314.6, 365.1, 319.3, 356.6, 326.7, 356.6, 328.3, 349.2, 332.5, 345.5, 341.0, 338.1, 344.7, 338.1, 351.6, 336.5, 354.2, 327.0, 355.3, 311.1, 363.8, 311.6, 365.3, 307.4, 371.2, 303.7, 372.8, 298.4, 381.2, 292.6, 382.8, 288.4, 388.1, 282.0, 389.2, 279.9, 392.9, 273.0, 393.9, 268.8, 398.1, 267.0, 403.2, 201.1, 401.0, 154.3, 405.7, 127.5, 401.5, 116.1, 403.7, 106.3, 402.0, 93.4, 404.9, 57.7, 396.0, 52.4, 392.3, 51.3, 387.6, 42.9, 383.9, 42.9, 380.7, 45.0, 378.0, 45.0, 371.2, 30.7, 363.2, 32.3, 356.3, 25.9, 352.1, 24.9, 339.4, 12.7, 338.4, 0.0, 332.5, -2.9, 328.7, -5.3, 289.4, -0.7, 265.9, -0.7, 233.6, -2.8, 215.2, -1.7, 204.5, -5.2, 190.5]], "area": 149020, "bbox": [0.0, 0.0, 400.0, 400.0], "iscrowd": false, "isbbox": false, "color": "#17ed23", "metadata": {}}, {"id": 57, "image_id": 11, "category_id": 1, "segmentation": [[266.1, 2.9, 256.6, 8.2, 245.5, 9.8, 231.2, 18.8, 221.2, 19.8, 205.3, 25.1, 200.0, 29.9, 194.7, 32.0, 167.2, 37.3, 164.0, 38.9, 157.7, 46.3, 139.2, 46.3, 127.0, 41.5, 126.5, 37.3, 109.0, 32.5, 103.2, 25.1, 98.4, 22.5, 92.1, 22.5, 83.1, 17.7, 81.0, 15.1, 80.4, 9.8, 76.7, 5.0, 76.3, 1.1, 92.7, -2.0, 185.6, -1.0, 208.5, 1.2, 266.1, 0.1]], "area": 5205, "bbox": [76.0, 0.0, 190.0, 46.0], "iscrowd": false, "isbbox": false, "color": "#879722", "metadata": {}}, {"id": 68, "image_id": 12, "category_id": 1, "segmentation": [[-2.1, 357.9, -1.6, 318.3, 1.1, 305.0, 7.4, 304.5, 12.7, 300.8, 35.4, 297.6, 55.0, 289.2, 60.8, 282.8, 66.7, 282.3, 67.2, 286.5, 60.8, 297.6, 57.1, 319.8, 55.0, 324.6, 52.9, 326.2, 47.6, 325.7, 46.6, 318.8, 38.1, 320.9, 34.4, 326.2, 34.4, 338.4, 32.3, 344.2, 25.4, 348.4, 16.4, 350.5, 10.1, 360.1, 1.6, 361.6], [197.4, 397.1, 201.1, 389.7, 206.9, 383.9, 210.1, 372.2, 210.1, 361.6, 212.2, 356.3, 216.4, 354.2, 227.5, 343.1, 236.0, 339.9, 242.3, 338.9, 258.2, 339.9, 261.4, 344.7, 264.6, 355.8, 268.3, 342.1, 269.3, 341.0, 276.7, 342.1, 279.9, 367.5, 289.4, 376.5, 296.8, 380.7, 305.3, 381.2, 319.6, 375.4, 329.1, 373.8, 332.3, 351.1, 339.2, 337.8, 345.5, 335.2, 349.2, 330.4, 353.4, 317.2, 354.0, 307.7, 356.1, 305.0, 364.0, 304.0, 366.1, 301.3, 366.7, 286.5, 368.8, 283.3, 379.4, 276.5, 385.7, 275.9, 398.9, 286.0, 397.9, 352.1, 401.6, 367.5, 403.7, 403.2, 385.2, 402.5, 375.4, 404.5, 368.3, 401.5, 360.3, 400.4, 346.3, 404.4, 336.0, 402.5, 313.1, 403.7, 300.5, 401.0, 291.0, 402.9, 282.0, 401.5, 269.8, 404.3, 259.3, 402.5, 252.1, 403.8, 215.3, 402.5, 201.1, 406.1, 197.9, 402.4]], "area": 14382, "bbox": [0.0, 276.0, 400.0, 124.0], "iscrowd": false, "isbbox": false, "color": "#e8ba06", "metadata": {}}, {"id": 70, "image_id": 13, "category_id": 1, "segmentation": [[0.5, -0.3, 379.4, 0.3, 377.8, 8.7, 389.4, 24.6, 382.5, 26.2, 378.3, 38.4, 385.2, 80.2, 393.1, 96.6, 393.1, 98.1, 384.7, 98.1, 396.8, 120.4, 388.9, 170.1, 396.3, 193.4, 394.7, 219.8, 393.1, 218.8, 383.6, 231.0, 387.3, 243.7, 365.1, 295.5, 367.7, 301.9, 372.5, 304.5, 364.6, 318.8, 358.2, 346.8, 352.9, 348.4, 348.7, 353.2, 358.2, 362.7, 356.6, 366.4, 337.0, 379.1, 342.3, 392.9, 338.1, 399.7, 117.5, 398.7, 114.8, 390.7, 109.0, 386.0, 96.8, 383.9, 89.4, 368.0, 87.3, 349.5, 64.0, 329.9, 66.7, 317.7, 60.8, 296.6, 50.3, 277.5, 46.0, 286.5, 40.7, 310.8, 48.7, 320.4, 57.7, 363.2, 56.1, 383.3, 48.1, 399.2, 0.5, 399.2, 0.0, -0.8]], "area": 147603, "bbox": [0.0, 0.0, 397.0, 399.0], "iscrowd": false, "isbbox": false, "color": "#abd826", "metadata": {}}, {"id": 71, "image_id": 14, "category_id": 1, "segmentation": [[-1.1, 0.3, 51.9, -1.9, 37.0, 6.6, 56.6, 11.9, 54.5, 19.3, 57.7, 29.4, 54.0, 36.8, 57.1, 75.9, 39.2, 97.1, 21.2, 97.1, 17.5, 102.4, 1.1, 92.3, 0.0, 0.3], [119.3, 0.3, 342.9, -0.8, 343.9, 5.0, 338.1, 12.4, 339.2, 23.0, 326.5, 58.5, 316.4, 59.0, 315.3, 64.8, 303.7, 68.5, 297.4, 75.9, 302.6, 84.9, 295.2, 100.8, 286.2, 105.0, 277.8, 100.8, 276.7, 88.6, 272.5, 92.9, 267.7, 105.6, 260.3, 117.2, 231.2, 119.3, 228.6, 115.6, 221.2, 118.3, 210.6, 110.3, 195.8, 79.1, 184.7, 61.6, 175.1, 53.7, 158.2, 47.4, 149.7, 35.2, 147.6, 22.5, 141.3, 16.7, 123.8, 9.8]], "area": 21560, "bbox": [0.0, 0.0, 344.0, 119.0], "iscrowd": false, "isbbox": false, "color": "#9200f3", "metadata": {}}, {"id": 72, "image_id": 15, "category_id": 1, "segmentation": [[0.0, 294.4, 111.1, 285.4, 112.2, 281.7, 118.0, 280.7, 116.9, 288.1, 142.9, 281.7, 146.0, 267.5, 155.6, 258.5, 163.0, 264.8, 174.1, 278.0, 163.0, 269.0, 172.0, 281.7, 230.2, 303.4, 249.2, 303.4, 260.8, 299.7, 264.0, 289.7, 266.1, 269.0, 262.4, 257.4, 277.2, 251.6, 291.0, 248.9, 330.7, 263.8, 333.3, 279.1, 322.8, 291.3, 331.7, 293.4, 345.0, 300.3, 348.1, 314.0, 362.4, 322.5, 376.5, 338.1, 365.6, 349.5, 363.5, 399.2, -1.1, 399.2, 0.0, 293.4]], "area": 41902, "bbox": [0.0, 249.0, 376.0, 150.0], "iscrowd": false, "isbbox": false, "color": "#09c2d3", "metadata": {}}, {"id": 73, "image_id": 16, "category_id": 1, "segmentation": [[4.2, -0.3, 100.5, 0.8, 94.2, 8.7, 70.4, 11.4, 56.1, 19.3, 40.7, 25.1, 34.4, 30.4, 29.1, 30.4, 25.9, 27.8, 21.2, 17.7, 12.2, 10.3, 7.4, 2.4, 4.2, 0.3], [142.3, -0.3, 173.5, -0.8, 156.6, 87.0, 169.3, 21.4, 180.4, 0.8, 400.5, -0.3, 399.5, 399.7, 56.1, 400.3, 51.3, 390.7, 54.5, 382.8, 59.3, 379.6, 68.3, 356.9, 64.0, 355.3, 62.4, 347.4, 70.9, 338.9, 71.4, 334.1, 68.3, 326.2, 68.8, 309.8, 74.1, 300.3, 66.7, 298.7, 70.9, 275.4, 75.7, 261.1, 83.6, 246.8, 75.7, 239.9, 79.9, 235.2, 78.8, 198.7, 80.4, 184.9, 86.2, 168.0, 77.2, 166.9, 84.1, 138.4, 93.1, 119.3, 87.3, 116.7, 95.2, 102.4, 112.2, 82.8, 115.3, 72.8, 118.5, 68.5, 118.0, 59.5, 119.6, 55.8, 123.3, 54.2, 128.0, 39.9, 139.2, 28.3, 140.7, 20.9, 145.5, 17.7, 143.9, 11.9, 138.1, 7.1, 139.2, 1.3, 143.4, -1.3]], "area": 126369, "bbox": [4.0, 0.0, 396.0, 400.0], "iscrowd": false, "isbbox": false, "color": "#7c64e8", "metadata": {}}, {"id": 75, "image_id": 17, "category_id": 1, "segmentation": [[54.5, -0.8, 55.6, 0.3, 53.4, 0.3], [55.6, 0.3, 400.0, -0.3, 399.5, 220.4, 395.8, 224.6, 394.7, 231.0, 393.7, 232.0, 379.9, 231.0, 374.1, 234.1, 365.1, 234.1, 359.8, 228.8, 351.9, 226.2, 337.6, 225.7, 327.0, 220.9, 324.3, 217.2, 315.3, 213.5, 305.3, 213.0, 298.4, 210.8, 279.4, 197.6, 267.2, 195.5, 259.8, 190.2, 251.3, 180.7, 242.9, 179.1, 231.2, 182.3, 227.5, 179.6, 228.6, 174.3, 227.5, 169.6, 224.3, 167.5, 204.8, 166.4, 194.2, 160.1, 190.5, 156.9, 191.5, 150.0, 187.3, 145.2, 178.3, 138.9, 166.1, 133.6, 165.6, 130.4, 151.9, 120.9, 140.2, 120.4, 126.5, 110.8, 115.3, 108.7, 113.2, 104.0, 102.1, 99.2, 94.2, 98.7, 88.9, 96.6, 83.1, 84.9, 75.1, 83.3, 73.0, 80.7, 74.1, 71.7, 71.4, 70.6, 67.7, 64.8, 67.7, 60.1, 71.4, 57.4, 71.4, 55.8, 65.1, 54.8, 63.0, 51.6, 63.0, 46.8, 66.7, 40.5, 66.7, 35.7, 64.6, 32.0, 59.3, 28.3, 58.7, 18.8, 57.1, 17.7, 55.6, 11.4, 57.7, 1.3, 55.6, 0.3]], "area": 56633, "bbox": [56.0, 0.0, 344.0, 234.0], "iscrowd": false, "isbbox": false, "color": "#b4b707", "metadata": {}}, {"id": 77, "image_id": 18, "category_id": 1, "segmentation": [[398.9, 286.0, 374.1, 281.2, 357.7, 262.7, 340.7, 249.5, 333.9, 251.1, 330.2, 269.6, 303.2, 256.3, 284.1, 216.1, 262.4, 195.0, 281.5, 199.7, 298.9, 209.8, 306.9, 224.6, 327.0, 224.6, 344.4, 231.5, 345.0, 236.2, 394.7, 245.8, 393.1, 252.6, 399.5, 259.0, 399.5, 286.5], [124.3, 202.9, 154.0, 205.6, 166.7, 201.9, 200.5, 201.3, 178.3, 207.7, 163.0, 216.1, 130.2, 218.3, 128.6, 218.3, 135.4, 210.3, 124.3, 203.4], [393.1, 399.7, 210.6, 399.2, 203.2, 384.4, 214.3, 369.6, 204.2, 344.7, 245.5, 331.5, 264.0, 322.5, 295.8, 330.4, 298.9, 338.9, 316.4, 343.7, 320.1, 341.5, 341.3, 341.0, 348.1, 337.3, 356.6, 341.5, 356.6, 348.4, 394.2, 399.7], [172.0, 399.7, 154.0, 397.6, 158.7, 376.5, 163.0, 365.9, 151.3, 362.7, 135.4, 368.0, 124.9, 356.3, 158.2, 331.5, 181.5, 328.3, 193.1, 340.5, 188.9, 367.5, 171.4, 398.7], [97.9, 399.7, -1.1, 399.2, 0.5, 361.1, 2.6, 365.9, 17.5, 383.3, 33.3, 388.6, 65.1, 386.5, 109.5, 363.2, 122.8, 362.7, 130.7, 375.4, 97.9, 399.2], [145.5, 335.7, 104.2, 357.9, 72.0, 371.2, 39.7, 380.2, 23.3, 380.7, -1.6, 346.8, 5.3, 312.4, 14.3, 293.9, 15.3, 279.1, 21.2, 277.5, 30.2, 293.9, 47.6, 279.1, 120.6, 289.7, 178.8, 309.8, 143.4, 319.8, 133.9, 320.4, 132.8, 328.3, 143.4, 335.7]], "area": 31106, "bbox": [0.0, 195.0, 400.0, 205.0], "iscrowd": false, "isbbox": false, "color": "#61fa4e", "metadata": {}}, {"id": 78, "image_id": 19, "category_id": 1, "segmentation": [[1.1, 8.2, 24.3, 36.2, 38.1, 38.4, 93.7, 23.0, 107.9, 20.4, 115.9, 45.2, 139.2, 61.6, 156.6, 65.9, 193.7, 65.9, 205.8, 64.8, 215.3, 57.4, 205.3, 42.1, 214.8, 34.1, 221.2, 8.2, 229.6, 5.6, 240.7, 14.0, 244.4, 19.8, 265.6, 21.4, 273.5, 34.1, 272.5, 42.1, 290.5, 48.9, 278.8, 53.7, 288.4, 74.9, 286.8, 92.9, 294.2, 100.8, 303.2, 106.1, 318.0, 100.3, 325.9, 95.0, 331.2, 74.9, 325.9, 58.5, 331.7, 39.9, 347.6, 35.2, 380.4, 38.4, 383.6, 24.6, 396.8, 14.6, 400.0, 17.7, 401.6, 264.8, 395.2, 259.5, 373.5, 205.6, 371.4, 189.2, 368.3, 181.7, 357.7, 183.9, 346.6, 183.3, 344.4, 205.0, 346.0, 234.7, 350.8, 245.2, 345.5, 253.7, 343.9, 260.1, 350.8, 273.8, 352.4, 290.2, 347.6, 316.7, 352.4, 324.1, 343.4, 335.7, 337.6, 339.9, 341.3, 354.2, 338.1, 359.0, 332.8, 355.8, 329.6, 365.3, 331.7, 375.4, 315.3, 388.1, 314.3, 393.9, 315.9, 398.7, 274.6, 399.7, 314.3, 324.6, 318.0, 309.2, 273.0, 400.8, -1.1, 400.3], [330.7, 261.1, 337.0, 207.7, 335.4, 188.6, 340.7, 170.6, 349.7, 163.8, 376.2, 163.2, 395.2, 174.3, 400.5, 184.4, 398.4, 167.5, 375.7, 154.2, 353.4, 153.7, 345.0, 158.5, 336.5, 154.8, 327.0, 246.8, 327.4, 292.1]], "area": 131037, "bbox": [0.0, 6.0, 400.0, 394.0], "iscrowd": false, "isbbox": false, "color": "#dfe93c", "metadata": {}}, {"id": 79, "image_id": 20, "category_id": 1, "segmentation": [[-1.6, -0.3, 310.1, -1.9, 314.3, 18.3, 308.5, 20.4, 296.8, 30.4, 298.9, 47.9, 293.1, 60.6, 286.2, 72.8, 274.1, 89.2, 270.9, 97.1, 266.7, 94.4, 261.9, 102.9, 267.2, 108.2, 255.0, 117.7, 252.9, 122.5, 241.8, 126.2, 228.6, 124.1, 220.6, 127.2, 216.4, 135.7, 204.2, 142.1, 188.9, 141.5, 178.8, 148.9, 141.8, 148.4, 124.3, 125.7, 109.5, 121.4, 103.7, 111.9, 102.6, 93.4, 103.7, 80.2, 95.8, 74.9, 93.7, 60.6, 87.8, 58.5, 89.9, 52.6, 88.9, 47.9, 85.2, 46.8, 82.5, 39.4, 72.0, 31.5, 77.2, 15.1, 69.3, 6.1, 65.1, 9.3, 51.9, 10.3, 46.6, 15.1, 42.3, 30.4, 50.3, 35.7, 52.4, 40.5, 47.1, 53.2, 40.7, 60.6, 35.4, 73.8, 48.1, 85.4, 42.9, 99.7, 42.9, 115.6, 47.6, 145.2, 43.4, 170.1, 37.6, 184.9, 27.5, 195.5, 25.4, 196.0, 22.8, 208.7, 12.2, 217.7, 7.4, 209.8, 1.6, 216.7]], "area": 35459, "bbox": [0.0, 0.0, 314.0, 217.0], "iscrowd": false, "isbbox": false, "color": "#5700c3", "metadata": {}}, {"id": 80, "image_id": 21, "category_id": 1, "segmentation": [[-0.5, 246.8, 15.3, 249.5, 22.8, 255.3, 39.7, 259.0, 29.6, 273.3, 23.8, 270.6, 13.8, 279.6, 0.5, 276.5], [113.8, 261.9, 177.8, 248.9, 178.3, 255.3, 189.4, 254.8, 190.5, 246.3, 224.3, 239.4, 241.3, 226.7, 252.9, 226.7, 261.9, 238.9, 283.6, 242.1, 293.1, 266.4, 312.7, 263.8, 319.6, 317.7, 277.2, 304.5, 258.7, 283.9, 245.0, 276.5, 229.6, 283.9, 211.1, 288.6, 202.1, 295.0, 185.2, 300.3, 164.6, 290.7, 158.2, 293.9, 160.8, 304.0, 153.4, 304.5, 151.3, 318.3, 141.3, 313.0, 134.4, 297.1, 123.8, 286.5, 110.6, 268.0]], "area": 10498, "bbox": [0.0, 227.0, 320.0, 91.0], "iscrowd": false, "isbbox": false, "color": "#af2563", "metadata": {}}, {"id": 81, "image_id": 22, "category_id": 1, "segmentation": [[1.1, 261.6, 0.5, 24.6, 106.9, 0.3, 137.6, 4.5, 195.8, 19.3, 219.0, 108.7, 293.7, 353.1, 292.1, 338.4, 304.2, 336.8, 319.0, 326.7, 314.8, 302.4, 306.3, 299.2, 282.0, 313.0, 230.7, 139.9, 251.9, 145.8, 258.7, 122.0, 254.5, 110.3, 233.3, 104.0, 221.2, 107.7, 198.4, 19.3, 227.5, 26.7, 293.7, 55.8, 330.7, 44.2, 352.9, 45.2, 386.8, 56.3, 400.0, 54.2, 398.4, 399.7, 309.5, 398.1, 309.5, 383.3, 293.7, 353.2, 307.4, 398.1, 305.8, 401.9, 273.9, 402.0, 204.2, 397.8, 182.6, 399.1, 174.8, 402.9, 134.0, 403.7, 111.6, 401.0, 80.6, 402.6, 72.5, 401.3, 55.0, 401.9, 50.3, 396.6, 51.3, 371.7, 49.7, 359.5, 45.0, 344.7, 31.7, 318.8, 21.2, 303.4, 12.7, 280.2, -0.5, 260.1]], "area": 140973, "bbox": [1.0, 1.0, 399.0, 399.0], "iscrowd": false, "isbbox": false, "color": "#06db3e", "metadata": {}}, {"id": 82, "image_id": 23, "category_id": 1, "segmentation": [[50.8, -1.3, 104.8, -0.3, 94.2, 98.1, 93.6, 118.4, 93.1, 99.2, 57.1, 100.3, 55.6, 92.9, 61.4, 68.5, 59.3, 35.2, 55.0, 27.8, 50.8, -0.8], [93.7, 119.8, 92.7, 121.0, 93.6, 118.4], [92.7, 121.0, 90.8, 126.4, 91.0, 123.0], [90.5, 132.0, 89.4, 130.4, 90.8, 126.4], [89.7, 131.8, 100.5, 175.4, 127.0, 187.6, 158.2, 191.3, 172.0, 399.7, 70.4, 399.2, 32.3, 322.0, 31.7, 302.9, 33.3, 291.8, 46.0, 279.6, 39.7, 270.6, 46.6, 242.6, 53.4, 168.5, 58.7, 161.6, 55.6, 129.4, 85.7, 130.4], [302.1, 400.3, 173.5, 400.3, 158.2, 190.2, 202.1, 185.4, 248.1, 168.0, 260.9, 159.6, 204.2, 176.5, 157.7, 182.8, 157.5, 180.7, 146.6, 180.2, 113.2, 171.7, 100.0, 151.6, 96.3, 101.3, 106.3, 0.8, 142.3, -0.8, 156.6, 168.5, 144.5, -0.3, 401.1, -1.3, 400.0, 113.0, 354.0, 132.0, 262.8, 159.1, 281.5, 160.6, 351.9, 138.4, 398.9, 271.7, 398.9, 399.2, 337.6, 400.3, 316.9, 360.1, 303.7, 401.3], [356.1, 137.8, 398.9, 124.6, 398.4, 268.0, 355.0, 137.3]], "area": 133977, "bbox": [32.0, 0.0, 368.0, 400.0], "iscrowd": false, "isbbox": false, "color": "#c81d5e", "metadata": {}}, {"id": 83, "image_id": 24, "category_id": 1, "segmentation": [[69.3, -0.8, 311.1, -1.3, 312.2, 43.7, 299.5, 110.3, 281.0, 159.0, 221.7, 216.7, 181.5, 228.8, 147.6, 217.2, 144.4, 210.8, 125.4, 187.6, 106.3, 172.2, 107.4, 158.5, 91.5, 133.1, 95.8, 124.6, 94.7, 89.2, 86.8, 73.8, 91.0, 61.1, 86.2, 57.9, 84.1, 52.6, 88.4, 44.7, 70.4, -0.8], [337.6, -0.8, 399.5, -0.3, 400.0, 398.7, 296.8, 400.3, 296.8, 386.5, 297.4, 389.7, 316.4, 375.9, 318.0, 343.7, 337.6, 255.3, 353.4, 173.8, 355.0, 45.2, 337.0, -1.9]], "area": 65750, "bbox": [71.0, 0.0, 329.0, 400.0], "iscrowd": false, "isbbox": false, "color": "#61a1ec", "metadata": {}}, {"id": 84, "image_id": 25, "category_id": 1, "segmentation": [[298.4, -0.3, 297.4, 1.3, 294.7, 1.3], [297.4, 1.3, 400.5, -0.8, 400.0, 277.5, 382.0, 300.8, 367.2, 313.5, 365.6, 326.7, 373.5, 335.2, 373.5, 357.4, 383.1, 380.7, 399.5, 398.7, 198.9, 398.7, 197.9, 382.3, 228.0, 309.8, 238.6, 299.7, 231.2, 290.7, 228.0, 269.0, 232.3, 248.9, 209.0, 199.2, 209.0, 173.3, 211.6, 191.3, 211.6, 187.0, 208.5, 164.8, 245.5, 98.7, 254.0, 69.0, 257.1, 74.9, 265.6, 49.5]], "area": 64554, "bbox": [198.0, 0.0, 202.0, 399.0], "iscrowd": false, "isbbox": false, "color": "#4cf949", "metadata": {}}, {"id": 85, "image_id": 26, "category_id": 1, "segmentation": [[199.5, -1.3, 200.6, -0.3, 199.5, -0.3], [200.6, -0.3, 399.5, -0.8, 400.0, 46.3, 368.8, 65.3, 324.3, 73.3, 302.1, 83.9, 265.1, 80.2, 255.0, 65.3, 242.9, 34.1, 228.0, 25.7]], "area": 11740, "bbox": [201.0, 0.0, 199.0, 84.0], "iscrowd": false, "isbbox": false, "color": "#84e776", "metadata": {}}, {"id": 86, "image_id": 27, "category_id": 1, "segmentation": [[319.6, 397.6, 341.3, 377.0, 358.7, 369.6, 350.8, 400.3, 316.4, 400.3]], "area": 627, "bbox": [317.0, 370.0, 42.0, 30.0], "iscrowd": false, "isbbox": false, "color": "#cb1d26", "metadata": {}}, {"id": 87, "image_id": 28, "category_id": 1, "segmentation": [[45.5, -0.8, 63.5, 9.3, 88.4, 14.6, 94.7, 11.4, 92.1, 2.4, 140.7, 0.8, 132.8, 19.8, 152.9, 49.5, 175.1, 115.1, 199.5, 193.9, 193.7, 227.8, 180.4, 398.1, 94.7, 400.8, 100.0, 319.8, 124.9, 275.9, 137.0, 261.1, 151.3, 193.9, 150.8, 155.3, 125.9, 110.3, 91.0, 66.9, 45.0, -1.3], [19.0, 56.9, 36.0, 73.3, 52.9, 75.9, 69.3, 90.7, 83.6, 92.9, 97.4, 105.0, 114.8, 114.0, 134.4, 140.5, 141.3, 160.6, 141.3, 206.6, 119.6, 266.4, 88.9, 322.5, 86.2, 400.8, 0.0, 391.8, 0.5, 53.3], [52.9, 397.6, 2.1, 400.8, 0.0, 399.2, 0.0, 391.8], [0.0, 15.1, 3.2, 2.9, 5.8, 3.4, 14.3, 10.8, 18.0, 17.2, 20.6, 27.2, 24.9, 32.0, 24.3, 39.9, 20.6, 39.4, 6.3, 23.0, -0.5, 20.4], [256.1, -1.3, 259.3, -0.8, 257.7, -0.8], [399.5, -0.8, 400.0, 197.6, 337.0, 170.6, 307.4, 150.0, 297.4, 113.0, 293.7, 60.6, 276.2, 19.8, 275.7, 6.6, 259.3, -0.8], [401.1, 237.3, 400.0, 399.2, 306.3, 399.2, 322.8, 319.3, 341.8, 296.6, 354.5, 246.8, 385.2, 245.8, 400.5, 236.8]], "area": 91809, "bbox": [0.0, 0.0, 400.0, 400.0], "iscrowd": false, "isbbox": false, "color": "#e17ce7", "metadata": {}}, {"id": 88, "image_id": 29, "category_id": 1, "segmentation": [[296.3, -0.8, 400.5, -0.3, 400.0, 398.7, 365.6, 398.1, 360.3, 378.6, 371.4, 345.8, 372.5, 332.0, 356.6, 323.5, 337.6, 325.7, 327.5, 313.5, 304.8, 298.7, 281.5, 216.1, 272.5, 168.0, 270.4, 139.9, 274.1, 126.7, 274.6, 107.1, 272.0, 101.9, 278.3, 99.2, 279.4, 62.7, 295.2, -0.8], [0.5, 111.4, -0.5, 0.3, 85.2, -0.3, 77.2, 35.7, 45.5, 89.7, -1.6, 113.0], [92.1, 0.3, 181.0, -0.3, 168.3, 84.9, 137.6, 252.6, 142.3, 332.0, 168.8, 397.6, 52.9, 398.7, 47.1, 379.1, 38.1, 334.1, 1.1, 260.1, -1.6, 127.8, 1.1, 123.0, 29.1, 114.0, 59.8, 94.4, 81.0, 54.8, 93.1, 0.8], [33.9, 336.8, 52.9, 401.3, 0.0, 399.2, 0.0, 273.2]], "area": 99011, "bbox": [0.0, 0.0, 400.0, 399.0], "iscrowd": false, "isbbox": false, "color": "#2c1cd3", "metadata": {}}, {"id": 89, "image_id": 30, "category_id": 1, "segmentation": [[166.1, -0.3, 196.3, 66.9, 222.8, 116.1, 234.4, 147.9, 244.4, 216.1, 231.2, 288.6, 215.3, 316.7, 204.2, 382.3, 208.5, 398.7, 1.6, 400.3, 0.5, 0.3, 15.7, 21.9, 0.0, -1.3, 165.6, -0.3], [99.5, 165.3, 86.2, 193.9, 90.5, 206.1, 107.4, 203.4, 122.8, 207.1, 128.6, 187.6, 129.1, 172.8, 103.7, 162.7, 99.5, 146.3, 93.8, 137.9], [398.4, 58.6, 366.9, 0.7, 398.9, -0.8, 398.4, 58.5]], "area": 87387, "bbox": [1.0, 0.0, 398.0, 399.0], "iscrowd": false, "isbbox": false, "color": "#e161ae", "metadata": {}}, {"id": 90, "image_id": 31, "category_id": 1, "segmentation": [[0.0, 0.8, 203.2, -0.3, 194.7, 13.0, 199.5, 40.5, 192.1, 51.1, 198.4, 75.9, 187.3, 92.3, 191.5, 108.2, 183.1, 146.3, 193.7, 165.9, 200.5, 185.4, 195.8, 202.9, 203.2, 236.8, 209.5, 247.9, 204.2, 255.3, 207.4, 260.6, 214.3, 311.4, 214.3, 315.6, 206.7, 328.8, 209.5, 332.5, 202.1, 343.7, 206.3, 359.5, 197.4, 371.7, 204.8, 387.6, 198.9, 399.7, 60.8, 396.0, 64.0, 389.7, 49.7, 383.3, 41.3, 371.2, 42.9, 355.8, 39.2, 346.3, 38.6, 335.2, 33.3, 324.1, 38.6, 312.4, 34.9, 307.1, 35.4, 298.1, 30.2, 287.6, 22.2, 290.2, 13.2, 298.7, 4.8, 291.3, -2.1, 266.9, 0.5, 246.8, 9.5, 232.0, 0.5, 225.7], [134.9, 329.9, 131.2, 327.2, 131.7, 318.3, 124.3, 309.8, 124.3, 292.3, 112.7, 284.9, 104.8, 290.7, 94.2, 308.2, 85.2, 315.6, 91.0, 351.1, 132.8, 351.6, 131.7, 329.9], [400.5, 80.7, 397.9, 173.8, 391.0, 161.6, 393.7, 147.4, 392.1, 133.1, 373.5, 128.3, 377.8, 116.1, 398.9, 81.2], [400.0, 239.9, 398.9, 245.2, 392.6, 194.4, 400.0, 186.0]], "area": 75931, "bbox": [0.0, 0.0, 400.0, 399.0], "iscrowd": false, "isbbox": false, "color": "#6253f1", "metadata": {}}, {"id": 91, "image_id": 32, "category_id": 1, "segmentation": [[0.5, 48.9, -0.5, 0.3, 10.1, 10.8, 7.4, 26.2, 3.2, 33.1, 7.4, 39.4, 0.5, 47.9], [73.0, -0.8, 188.9, -0.8, 188.9, 13.5, 184.7, 24.1, 168.8, 38.9, 158.2, 42.1, 129.6, 33.6, 116.4, 24.1, 112.7, 15.6, 105.8, 19.8, 72.0, -0.3]], "area": 3289, "bbox": [0.0, 0.0, 189.0, 47.0], "iscrowd": false, "isbbox": false, "color": "#ea6edf", "metadata": {}}, {"id": 92, "image_id": 33, "category_id": 1, "segmentation": [[0.5, 247.4, 2.1, 247.2, -0.5, 247.9], [2.1, 247.2, 34.1, 238.8, 30.2, 244.2], [35.4, 236.8, 50.3, 230.4, 75.9, 231.9, 34.1, 238.8], [75.9, 231.9, 92.1, 227.8, 88.9, 228.8, 86.2, 232.5], [120.1, 214.6, 150.3, 206.6, 154.0, 200.8, 154.0, 196.6, 273.0, 163.2, 276.2, 160.1, 339.7, 141.0, 368.3, 126.2, 398.9, 116.7, 399.5, 159.5, 356.6, 175.9, 341.3, 185.4, 291.0, 206.1, 287.3, 205.0, 275.7, 210.3, 285.2, 202.4, 228.0, 209.3, 205.8, 209.3, 204.7, 207.7, 146.0, 225.7, 110.1, 233.1, 92.1, 227.8], [214.3, 237.8, 207.4, 226.2, 227.0, 217.7, 251.9, 215.6, 258.7, 210.3, 275.5, 210.3], [263.0, 399.7, 240.7, 377.0, 243.4, 356.3, 227.5, 335.7, 233.3, 325.7, 198.9, 306.1, 273.5, 281.2, 305.3, 308.2, 330.7, 311.4, 352.9, 308.2, 395.8, 250.0, 398.4, 252.1, 399.5, 399.2, 262.4, 398.7]], "area": 28755, "bbox": [0.0, 117.0, 400.0, 282.0], "iscrowd": false, "isbbox": false, "color": "#b9d53f", "metadata": {}}, {"id": 93, "image_id": 34, "category_id": 1, "segmentation": [[0.0, -0.3, 398.9, -0.3, 398.9, 399.7, 0.5, 397.6, 0.5, 232.0, 13.2, 229.4, 18.0, 223.5, 5.3, 220.4, 15.9, 201.9, 12.7, 191.8, 0.0, 192.3]], "area": 158436, "bbox": [0.0, 0.0, 399.0, 400.0], "iscrowd": false, "isbbox": false, "color": "#0fb50f", "metadata": {}}, {"id": 94, "image_id": 35, "category_id": 1, "segmentation": [[0.0, -0.3, 400.0, 0.3, 400.0, 399.2, 0.5, 399.2]], "area": 159534, "bbox": [0.0, 0.0, 400.0, 399.0], "iscrowd": false, "isbbox": false, "color": "#4e83fe", "metadata": {}}, {"id": 95, "image_id": 36, "category_id": 1, "segmentation": [[-0.5, 32.0, 0.5, -0.3, 239.7, 0.3, 237.0, 31.5, 245.0, 61.6, 259.8, 66.4, 261.9, 85.4, 266.1, 84.9, 279.4, 93.9, 281.5, 117.7, 279.4, 141.5, 267.7, 170.6, 273.0, 194.4, 272.5, 212.4, 279.4, 218.8, 294.2, 246.3, 299.5, 265.3, 321.7, 283.9, 319.6, 290.2, 337.6, 306.6, 337.0, 310.8, 350.8, 324.6, 361.4, 339.9, 352.9, 361.6, 355.0, 377.5, 350.3, 388.1, 350.8, 399.7, 38.6, 400.3, 47.1, 378.0, 45.5, 372.8, 51.9, 362.7, 57.1, 348.4, 53.4, 343.1, 58.2, 327.2, 64.0, 318.8, 67.7, 320.4, 73.0, 310.3, 83.1, 310.8, 81.5, 316.1, 93.7, 313.0, 141.8, 313.0, 142.9, 311.9, 119.0, 293.4, 109.5, 280.7, 105.3, 271.2, 99.5, 248.9, 88.4, 238.4, 92.6, 233.1, 81.5, 224.6, 67.7, 223.0, 45.5, 217.2, 29.6, 206.1, 29.1, 196.6, 24.3, 184.4, 19.6, 179.6, 21.2, 176.5, 15.9, 150.5, 3.2, 123.5, 7.9, 94.4, 3.7, 86.0, 2.1, 71.2, 3.7, 61.6, 0.0, 29.4], [399.5, -0.3, 400.0, 25.1, 345.0, 44.7, 322.8, 28.8, 311.6, 18.3, 302.6, 17.2, 291.5, 23.5, 291.5, 14.6, 281.0, 6.6, 265.6, -0.3]], "area": 104015, "bbox": [0.0, 0.0, 400.0, 400.0], "iscrowd": false, "isbbox": false, "color": "#7452fd", "metadata": {}}, {"id": 96, "image_id": 37, "category_id": 1, "segmentation": [[-1.1, 238.8, -1.6, 82.3, 3.2, 78.6, 4.8, 73.8, 11.6, 70.1, 12.2, 62.7, 18.5, 64.8, 19.0, 45.8, 23.3, 45.8, 29.6, 38.9, 41.3, 15.1, 39.7, 0.3, 350.3, 0.3, 339.2, 20.4, 319.0, 28.8, 287.8, 48.9, 281.0, 59.5, 263.5, 60.6, 246.0, 69.6, 229.6, 72.2, 211.1, 91.3, 189.9, 119.8, 175.7, 146.3, 177.2, 159.0, 169.8, 164.3, 159.8, 180.2, 165.1, 193.9, 150.8, 195.0, 131.2, 218.8, 104.8, 238.9, 82.5, 248.9, 59.8, 249.5, 43.9, 256.9, 34.9, 248.4, 13.8, 250.5]], "area": 49697, "bbox": [0.0, 0.0, 350.0, 257.0], "iscrowd": false, "isbbox": false, "color": "#f1235f", "metadata": {}}, {"id": 97, "image_id": 39, "category_id": 1, "segmentation": [[57.1, 105.6, 16.4, 142.1, 1.1, 147.9, -1.6, 116.1, 20.6, 102.9, 52.4, 99.7, 57.1, 104.5], [400.0, 126.2, 400.5, 399.7, -1.1, 399.7, -0.5, 246.8, 19.6, 220.9, 38.6, 233.1, 161.4, 202.9, 179.9, 211.9, 198.4, 224.6, 225.9, 221.4, 254.0, 198.1, 331.7, 156.3, 399.5, 126.7], [400.0, 81.7, 398.9, 126.2, 394.2, 128.3, 394.7, 113.5, 379.4, 109.8, 382.0, 101.9, 378.3, 94.4, 390.5, 89.2, 391.5, 78.6, 398.4, 81.7]], "area": 83019, "bbox": [0.0, 79.0, 400.0, 321.0], "iscrowd": false, "isbbox": false, "color": "#9be082", "metadata": {}}, {"id": 98, "image_id": 40, "category_id": 1, "segmentation": [[400.5, 336.2, 400.5, 399.2, 365.1, 400.8, 369.8, 376.5, 399.5, 335.7]], "area": 1380, "bbox": [365.0, 336.0, 35.0, 64.0], "iscrowd": false, "isbbox": false, "color": "#af3d0c", "metadata": {}}, {"id": 99, "image_id": 41, "category_id": 1, "segmentation": [[30.2, 396.0, 28.0, 362.2, 36.5, 343.7, 26.5, 289.2, 13.2, 263.8, 22.8, 256.3, 52.9, 263.2, 68.8, 255.8, 45.0, 248.4, 56.1, 229.4, 77.2, 210.8, 98.4, 199.2, 112.7, 173.3, 155.0, 153.2, 169.3, 160.1, 166.1, 140.5, 195.2, 125.7, 233.9, 79.6, 288.4, 49.5, 312.7, 64.8, 342.9, 33.1, 364.6, 1.9, 400.5, -1.3, 399.5, 400.8, 378.8, 397.6, 379.4, 383.9, 369.8, 381.2, 363.5, 366.4, 351.9, 356.9, 343.9, 335.7, 334.4, 339.4, 326.5, 324.6, 323.8, 311.9, 306.9, 274.3, 294.7, 263.8, 285.2, 243.7, 272.5, 241.0, 262.4, 215.1, 274.6, 214.0, 273.0, 174.3, 279.4, 160.6, 276.2, 157.4, 254.5, 170.1, 261.4, 179.1, 262.4, 197.6, 260.3, 207.1, 242.3, 210.3, 230.7, 216.1, 219.6, 239.4, 221.7, 265.3, 234.9, 275.4, 249.7, 308.7, 261.9, 399.2, 30.2, 399.7], [-0.2, 144.7, 0.5, 107.7, 14.3, 102.4, 16.9, 99.2, 12.2, 93.4, 21.2, 89.7, 24.9, 106.1, 19.0, 115.1, 14.3, 108.2, 12.7, 119.8, 2.6, 142.1, 0.0, 144.7]], "area": 91415, "bbox": [0.0, 0.0, 400.0, 400.0], "iscrowd": false, "isbbox": false, "color": "#d2b822", "metadata": {}}, {"id": 100, "image_id": 42, "category_id": 1, "segmentation": [[-6.3, 179.6, 5.3, 177.0, 9.6, 177.8, 36.5, 174.9, 70.9, 141.0, 49.2, 143.1, 33.9, 119.3, 39.7, 97.1, 47.1, 83.9, 46.6, 44.7, 36.5, 7.7, 29.1, -0.3, 254.0, -0.8, 267.7, 36.2, 283.1, 100.3, 273.5, 126.7, 278.3, 143.7, 294.7, 166.4, 302.6, 164.3, 312.2, 169.6, 318.0, 185.4, 333.9, 204.5, 353.4, 220.4, 387.3, 269.0, 388.4, 275.4, 398.9, 281.7, 400.5, 399.2, -0.5, 400.8, -0.5, 179.6, -4.8, 180.2], [13.2, 178.6, 17.5, 177.0, 10.4, 178.0], [8.5, 0.3, 7.9, 98.7, 0.5, 120.9, 1.6, -0.3, 7.9, -0.3], [383.0, 0.7, 400.0, -1.3, 399.5, 44.7, 398.4, 42.1, 384.1, 34.1, 384.1, 25.7, 381.5, 15.1]], "area": 127156, "bbox": [0.0, 0.0, 400.0, 400.0], "iscrowd": false, "isbbox": false, "color": "#993d25", "metadata": {}}, {"id": 101, "image_id": 43, "category_id": 1, "segmentation": [[-0.5, 333.1, -0.5, -0.3, 100.0, -1.3, 87.3, 8.2, 92.1, 22.0, 100.5, 32.0, 107.9, 45.8, 124.3, 56.9, 133.3, 72.2, 134.4, 80.7, 150.8, 90.2, 155.6, 97.1, 159.8, 110.3, 141.3, 151.1, 120.6, 189.2, 105.3, 213.0, 111.6, 220.9, 104.8, 231.0, 94.7, 234.7, 89.4, 242.1, 79.9, 271.2, 65.6, 306.1, 48.7, 320.9, 28.6, 332.5, 0.0, 332.0], [212.7, -0.8, 400.5, -0.8, 399.5, 33.6, 390.5, 59.0, 387.3, 81.7, 367.7, 113.5, 356.6, 118.8, 345.0, 119.8, 330.7, 106.6, 323.8, 90.2, 307.4, 82.8, 289.9, 80.2, 267.7, 61.1, 254.0, 48.4, 247.1, 33.6, 233.3, 13.5, 212.2, -0.3]], "area": 49862, "bbox": [0.0, 0.0, 400.0, 333.0], "iscrowd": false, "isbbox": false, "color": "#2f3fcc", "metadata": {}}, {"id": 102, "image_id": 44, "category_id": 1, "segmentation": [[-0.5, -0.3, 400.5, 0.3, 400.0, 170.6, 375.7, 158.5, 360.8, 157.9, 349.7, 152.6, 338.1, 142.1, 327.0, 149.5, 348.1, 205.6, 382.5, 245.8, 390.5, 266.9, 398.9, 278.0, 401.1, 399.7, 0.0, 399.7, 0.0, 0.3]], "area": 155233, "bbox": [0.0, 0.0, 400.0, 400.0], "iscrowd": false, "isbbox": false, "color": "#39d760", "metadata": {}}, {"id": 103, "image_id": 45, "category_id": 1, "segmentation": [[0.5, -0.8, 399.5, -0.3, 389.9, 21.4, 381.5, 19.8, 372.5, 32.5, 344.4, 43.1, 328.0, 71.7, 311.1, 68.5, 286.2, 77.5, 268.8, 90.7, 245.0, 113.5, 296.3, 117.7, 302.6, 113.5, 318.5, 112.4, 322.8, 107.1, 342.9, 105.6, 349.7, 101.3, 366.7, 106.1, 369.8, 103.4, 382.5, 105.6, 400.5, 117.7, 399.5, 154.8, 393.1, 164.8, 384.1, 202.4, 375.1, 222.0, 379.4, 238.4, 377.8, 261.6, 378.8, 289.2, 383.6, 298.7, 380.4, 308.2, 382.0, 320.4, 377.2, 332.5, 377.2, 334.7, 380.4, 335.2, 382.0, 339.9, 375.7, 352.6, 357.1, 357.9, 354.0, 350.5, 343.4, 354.8, 329.6, 350.0, 310.1, 353.2, 304.2, 344.2, 281.0, 335.7, 264.0, 337.3, 212.2, 361.1, 204.2, 370.1, 195.2, 364.8, 185.2, 363.8, 167.7, 358.5, 161.4, 348.4, 150.3, 342.1, 134.9, 351.6, 139.2, 365.9, 133.9, 373.8, 139.2, 384.9, 139.2, 396.6, 132.8, 399.2, 1.1, 400.3]], "area": 135429, "bbox": [1.0, 0.0, 399.0, 399.0], "iscrowd": false, "isbbox": false, "color": "#b56bf2", "metadata": {}}, {"id": 104, "image_id": 46, "category_id": 1, "segmentation": [[0.0, 28.3, 0.0, 0.3, 133.9, -0.8, 130.2, 10.3, 118.0, 18.3, 73.5, 27.2, 54.0, 27.8, 37.0, 35.2, 30.7, 29.9, 14.3, 32.0, 1.1, 28.8, 0.5, 29.9]], "area": 3425, "bbox": [0.0, 0.0, 134.0, 35.0], "iscrowd": false, "isbbox": false, "color": "#aad92e", "metadata": {}}, {"id": 105, "image_id": 47, "category_id": 1, "segmentation": [[395.8, 399.2, 263.0, 399.7, 268.3, 389.2, 267.2, 372.2, 258.2, 363.2, 252.4, 371.2, 256.6, 387.6, 258.2, 388.1, 254.0, 399.7, 103.7, 400.8, 105.3, 398.7, 127.0, 387.6, 161.9, 384.9, 186.2, 371.7, 184.7, 347.9, 195.2, 336.8, 195.2, 305.0, 227.0, 289.7, 248.1, 292.3, 261.4, 330.4, 249.2, 276.5, 293.1, 254.8, 301.6, 263.8, 312.7, 270.6, 310.6, 279.6, 325.9, 285.4, 350.3, 336.8, 346.0, 346.8, 361.4, 346.3, 370.9, 358.5, 368.8, 371.2, 387.3, 380.7, 394.7, 399.2]], "area": 20561, "bbox": [105.0, 255.0, 290.0, 145.0], "iscrowd": false, "isbbox": false, "color": "#c6e966", "metadata": {}}, {"id": 106, "image_id": 48, "category_id": 1, "segmentation": [[-1.1, 48.9, 82.0, 33.1, 92.1, 20.4, 57.1, 13.5, 114.3, 0.3, 372.0, 0.8, 366.1, 26.7, 341.8, 44.7, 314.8, 51.6, 327.5, 69.0, 320.1, 80.7, 400.0, 107.7, 401.1, 400.3, 0.5, 400.3, -0.5, 48.9]], "area": 150841, "bbox": [0.0, 1.0, 400.0, 399.0], "iscrowd": false, "isbbox": false, "color": "#27b1da", "metadata": {}}, {"id": 107, "image_id": 50, "category_id": 1, "segmentation": [[0.0, 178.0, -0.5, 0.3, 291.0, -1.3, 291.0, 6.1, 285.7, 33.6, 295.2, 51.1, 291.5, 77.5, 296.8, 77.5, 305.8, 81.7, 304.8, 95.5, 295.8, 100.8, 293.1, 126.2, 305.8, 133.6, 316.9, 143.1, 327.0, 158.5, 345.0, 174.3, 342.3, 189.7, 356.6, 199.2, 351.9, 239.9, 355.0, 248.9, 338.6, 279.1, 322.8, 302.4, 320.1, 316.1, 309.0, 332.0, 299.5, 351.6, 277.8, 362.7, 245.5, 400.3, 177.2, 399.7, 157.1, 375.4, 156.6, 372.8, 148.1, 369.0, 149.7, 360.1, 121.2, 332.5, 111.6, 318.8, 96.3, 305.0, 78.3, 277.0, 54.0, 254.2, 37.6, 223.5, 27.5, 199.7, 3.2, 178.0], [0.5, 278.0, 10.1, 296.6, 11.6, 317.2, 23.8, 336.2, 22.8, 347.4, 27.0, 355.8, 2.1, 400.8]], "area": 107191, "bbox": [0.0, 0.0, 357.0, 399.0], "iscrowd": false, "isbbox": false, "color": "#eb1216", "metadata": {}}, {"id": 108, "image_id": 51, "category_id": 1, "segmentation": [[181.0, -0.3, 239.2, 0.8, 198.9, 22.0, 179.4, -0.3], [1.1, 121.4, 6.9, 134.1, 1.6, 158.5, 1.1, 122.0]], "area": 760, "bbox": [1.0, 0.0, 237.0, 154.0], "iscrowd": false, "isbbox": false, "color": "#fc40fe", "metadata": {}}, {"id": 109, "image_id": 52, "category_id": 1, "segmentation": [[0.5, 191.1, 21.7, 202.4, 74.6, 215.6, 116.4, 207.7, 178.3, 164.3, 292.1, 96.0, 292.6, 104.5, 338.1, 115.1, 351.9, 116.7, 398.9, 62.7, 399.5, 400.3, 194.2, 399.2, 157.1, 362.7, 142.3, 333.1, 113.8, 287.6, 99.5, 277.0, 95.2, 263.2, 54.0, 254.2, 40.7, 242.6, -0.5, 227.2]], "area": 77374, "bbox": [0.0, 63.0, 400.0, 337.0], "iscrowd": false, "isbbox": false, "color": "#c0f006", "metadata": {}}, {"id": 110, "image_id": 53, "category_id": 1, "segmentation": [[1.1, 113.5, 23.8, 127.8, 38.6, 123.5, 56.6, 142.1, 65.1, 155.8, 100.5, 164.3, 130.2, 193.9, 151.3, 232.5, 184.7, 260.1, 210.6, 274.9, 221.2, 271.2, 230.7, 275.9, 233.3, 296.6, 273.5, 350.0, 292.1, 398.7, 0.5, 399.7, 0.0, 113.5], [202.1, 0.3, 399.5, 0.3, 399.5, 200.3, 369.8, 167.5, 360.8, 152.1, 339.2, 131.0, 323.8, 119.8, 303.2, 96.6, 281.0, 75.9, 270.9, 54.8, 245.0, 34.1, 216.9, 20.4, 201.1, -0.3]], "area": 70253, "bbox": [0.0, 0.0, 400.0, 400.0], "iscrowd": false, "isbbox": false, "color": "#f2e959", "metadata": {}}, {"id": 111, "image_id": 54, "category_id": 1, "segmentation": [[399.5, 239.9, 400.0, 400.8, 207.4, 399.2, 204.8, 383.9, 187.8, 352.6, 203.2, 335.7, 203.7, 333.1, 252.9, 320.4, 284.7, 306.6, 299.5, 313.5, 332.8, 280.7, 360.3, 278.6, 357.1, 238.4, 399.5, 241.0]], "area": 21123, "bbox": [188.0, 238.0, 212.0, 162.0], "iscrowd": false, "isbbox": false, "color": "#99e44f", "metadata": {}}, {"id": 112, "image_id": 55, "category_id": 1, "segmentation": [[-0.5, 48.9, 67.2, 44.2, 117.5, -1.9, 400.0, -0.8, 401.1, 399.2, 383.6, 397.6, 384.1, 388.6, 355.6, 391.3, 336.0, 388.1, 301.6, 354.8, 294.7, 354.8, 298.9, 368.0, 313.8, 382.8, 322.8, 398.7, -1.6, 399.7, 0.5, 63.8, 56.1, 51.6, 66.7, 45.2, 0.5, 49.5]], "area": 153784, "bbox": [0.0, 0.0, 400.0, 400.0], "iscrowd": false, "isbbox": false, "color": "#c8156b", "metadata": {}}, {"id": 113, "image_id": 56, "category_id": 1, "segmentation": [[0.0, 202.9, 0.5, 0.8, 321.7, -1.3, 321.7, 1.3, 327.5, 11.9, 332.3, 17.2, 341.3, 17.2, 346.6, 22.0, 359.8, 24.6, 377.2, 40.5, 387.8, 44.7, 389.9, 46.8, 391.0, 53.2, 394.2, 56.3, 399.5, 67.5, 399.5, 275.4, 396.8, 279.1, 391.0, 282.8, 385.7, 295.0, 381.0, 294.4, 364.0, 297.6, 357.1, 301.9, 349.2, 303.4, 344.4, 309.3, 330.7, 308.2, 324.3, 312.4, 315.9, 306.1, 311.1, 298.1, 298.4, 287.6, 301.6, 282.8, 298.4, 270.6, 304.8, 261.1, 296.8, 242.1, 282.5, 225.1, 266.1, 227.8, 265.1, 228.3, 266.1, 259.0, 269.8, 275.9, 266.7, 306.6, 267.2, 325.1, 254.5, 332.0, 245.5, 325.1, 219.6, 325.1, 200.0, 335.2, 160.3, 347.4, 159.8, 348.9, 121.2, 333.6, 122.8, 328.8, 111.6, 321.4, 110.6, 313.0, 84.1, 293.9, 77.2, 275.4, 68.3, 271.7, 58.2, 253.2, 42.9, 231.5, -0.5, 204.0], [395.2, -0.8, 398.9, -0.3, 403.2, 5.0, 402.1, 22.5, 397.9, 34.1, 396.3, 33.6, 395.2, 29.9, 396.3, 15.6, 392.6, 9.8, 392.1, 2.9, 389.4, -0.3]], "area": 115663, "bbox": [0.0, 0.0, 400.0, 349.0], "iscrowd": false, "isbbox": false, "color": "#d31552", "metadata": {}}, {"id": 115, "image_id": 57, "category_id": 1, "segmentation": [[215.3, 400.8, 198.4, 400.8, 186.2, 403.4, 155.6, 402.9, 114.8, 398.1, 92.1, 400.3, 92.1, 397.2, 91.0, 400.8, 1.1, 400.3, -1.1, 330.4, 13.2, 322.0, 18.0, 315.6, 27.5, 315.6, 48.7, 333.1, 57.1, 333.6, 61.4, 329.9, 63.5, 324.6, 51.3, 306.1, 50.8, 300.3, 55.6, 295.0, 67.7, 296.6, 88.4, 310.3, 96.3, 314.0, 106.9, 316.1, 113.2, 320.4, 121.7, 336.8, 127.0, 342.6, 127.5, 359.5, 131.7, 364.3, 135.4, 363.2, 137.6, 360.1, 137.6, 356.9, 133.9, 352.6, 130.7, 343.1, 125.4, 337.8, 125.4, 331.5, 127.5, 328.8, 132.3, 327.8, 142.3, 331.5, 149.7, 339.9, 154.0, 347.9, 156.1, 348.4, 155.6, 350.5, 121.7, 378.0, 120.1, 382.3, 109.5, 380.2, 94.7, 389.7, 92.8, 395.2, 99.5, 390.2, 114.8, 388.1, 122.2, 381.7, 124.3, 377.0, 142.9, 363.2, 146.6, 358.5, 154.0, 354.2, 159.3, 347.9, 167.7, 341.5, 174.1, 340.5, 184.1, 344.2, 187.3, 347.4, 188.9, 353.2, 192.1, 357.4, 197.9, 360.1, 212.7, 372.8, 220.1, 386.5, 220.1, 399.2], [32.8, 235.7, 32.3, 238.9, 28.0, 243.1, 22.8, 244.7, 14.8, 253.2, 16.4, 256.9, 24.9, 261.6, 25.4, 269.0, 21.7, 269.0, 12.7, 262.7, 3.7, 262.2, 0.0, 258.5, -1.6, 254.8, -1.1, 243.7, 0.5, 237.8, 3.2, 234.7, 11.6, 229.4, 18.5, 227.8, 26.5, 228.3, 30.2, 231.0], [145.5, 332.0, 137.0, 325.7, 131.2, 310.8, 132.8, 299.7, 134.9, 298.1, 138.6, 298.1, 146.0, 311.4, 154.5, 314.6, 150.8, 332.5]], "area": 16149, "bbox": [0.0, 228.0, 220.0, 172.0], "iscrowd": false, "isbbox": false, "color": "#c59a0c", "metadata": {}}, {"id": 116, "image_id": 58, "category_id": 1, "segmentation": [[-0.5, -0.3, 216.9, -1.9, 225.4, 25.7, 237.0, 52.6, 238.6, 84.4, 250.8, 105.0, 263.5, 91.3, 282.5, 88.6, 305.8, 120.9, 315.9, 123.0, 321.2, 129.4, 316.9, 142.6, 302.1, 145.8, 296.3, 178.6, 298.4, 200.8, 314.8, 213.5, 330.2, 232.5, 346.6, 260.6, 356.1, 291.3, 358.2, 322.5, 358.2, 327.2, 348.7, 351.6, 349.7, 369.6, 340.2, 381.2, 339.7, 398.7, 0.5, 399.7]], "area": 122246, "bbox": [0.0, 0.0, 358.0, 399.0], "iscrowd": false, "isbbox": false, "color": "#e5de69", "metadata": {}}, {"id": 117, "image_id": 59, "category_id": 1, "segmentation": [[0.0, 279.1, 0.0, 71.2, 11.6, 87.0, 5.8, 91.3, 15.9, 98.1, 22.2, 107.7, 20.1, 124.1, 12.2, 150.0, 21.2, 157.4, 32.8, 157.4, 68.8, 189.7, 72.0, 195.5, 83.6, 233.6, 87.3, 251.6, 66.7, 268.0, 51.9, 275.4, 46.6, 276.5, 35.4, 284.4, 27.0, 279.1, 15.9, 281.2, 1.1, 279.6]], "area": 9783, "bbox": [0.0, 72.0, 87.0, 212.0], "iscrowd": false, "isbbox": false, "color": "#b75ef1", "metadata": {}}, {"id": 118, "image_id": 59, "category_id": 1, "segmentation": [[0.5, 39.2, 0.0, -0.3, 340.7, -0.8, 324.3, 18.8, 311.1, 15.6, 294.7, 26.7, 299.5, 38.4, 294.7, 45.8, 276.2, 48.4, 252.9, 69.6, 254.0, 85.4, 220.6, 99.7, 208.5, 112.4, 191.5, 124.1, 182.5, 145.2, 169.8, 161.6, 159.8, 187.0, 159.8, 192.9, 153.4, 201.9, 134.9, 204.5, 121.7, 180.7, 98.4, 153.2, 88.9, 134.1, 95.2, 120.4, 84.1, 111.4, 57.1, 94.4, 58.2, 76.5, 52.4, 71.7, 38.6, 66.4, 14.8, 52.1, 6.3, 43.1]], "area": 33646, "bbox": [0.0, 0.0, 340.0, 205.0], "iscrowd": false, "isbbox": false, "color": "#28b672", "metadata": {}}, {"id": 119, "image_id": 60, "category_id": 1, "segmentation": [[333.6, 333.1, 375.7, 284.9, 386.2, 275.9, 400.5, 273.8, 397.9, 279.6, 389.4, 283.3, 385.7, 293.9, 383.1, 310.8, 362.4, 334.1, 341.3, 333.1], [398.4, 332.0, 400.0, 348.4, 388.4, 360.1, 377.8, 350.0, 396.3, 332.5]], "area": 1676, "bbox": [334.0, 274.0, 66.0, 86.0], "iscrowd": false, "isbbox": false, "color": "#cfdb41", "metadata": {}}, {"id": 120, "image_id": 61, "category_id": 1, "segmentation": [[41.8, 323.0, 44.4, 334.1, 58.7, 342.6, 80.4, 333.6, 96.8, 315.1, 98.4, 302.9, 147.1, 210.3, 177.8, 186.0, 255.6, 114.6, 388.4, 0.8, 398.9, 1.3, 400.0, 290.7, 392.1, 295.0, 384.1, 284.4, 341.3, 286.5, 313.2, 281.2, 331.2, 303.4, 349.2, 311.9, 360.3, 307.7, 365.6, 319.8, 392.1, 338.9, 398.9, 340.5, 400.0, 399.7, -1.1, 399.2, 4.2, 330.4, 10.1, 323.0]], "area": 86705, "bbox": [0.0, 1.0, 400.0, 399.0], "iscrowd": false, "isbbox": false, "color": "#0bf6be", "metadata": {}}, {"id": 121, "image_id": 62, "category_id": 1, "segmentation": [[0.0, -0.8, 400.5, -0.3, 399.5, 278.6, 391.5, 274.3, 382.5, 274.9, 376.2, 277.5, 359.8, 289.7, 345.5, 297.1, 334.4, 310.3, 332.8, 318.8, 333.3, 337.8, 329.1, 354.2, 328.6, 377.0, 337.0, 388.1, 336.5, 397.6, 1.1, 399.2]], "area": 151590, "bbox": [0.0, 0.0, 400.0, 399.0], "iscrowd": false, "isbbox": false, "color": "#49aade", "metadata": {}}, {"id": 122, "image_id": 63, "category_id": 1, "segmentation": [[0.5, 48.9, -1.1, 0.8, 332.3, -0.3, 334.4, 12.4, 334.4, 28.8, 332.3, 45.8, 325.4, 73.8, 324.3, 94.4, 326.5, 108.7, 332.8, 118.3, 332.3, 124.1, 325.9, 135.7, 325.9, 138.4, 330.2, 144.2, 330.2, 150.5, 327.0, 154.8, 321.7, 155.8, 316.9, 161.1, 318.0, 173.8, 331.7, 197.1, 321.7, 205.6, 309.0, 220.4, 279.4, 241.5, 249.7, 244.2, 226.5, 235.7, 213.8, 215.1, 196.3, 209.8, 190.5, 200.3, 174.6, 183.3, 167.7, 169.6, 146.0, 165.9, 148.7, 161.1, 144.4, 156.3, 133.9, 156.9, 109.0, 149.5, 96.8, 78.6, 102.6, 67.5, 91.0, 59.5, 89.9, 68.0, 65.1, 72.8, 66.1, 65.3, 53.4, 67.5, 41.3, 66.4, 40.7, 55.8, 34.9, 50.5, 0.5, 47.9], [0.5, 279.6, 0.5, 281.5, -0.5, 280.2], [11.1, 295.0, 13.2, 323.0, 9.0, 360.6, 16.4, 399.2, -1.1, 401.3, 0.5, 281.5]], "area": 53382, "bbox": [0.0, 0.0, 334.0, 400.0], "iscrowd": false, "isbbox": false, "color": "#0c88ba", "metadata": {}}, {"id": 123, "image_id": 64, "category_id": 1, "segmentation": [[-1.1, 14.0, 0.0, 0.8, 12.2, -0.3, 1.1, 11.9]], "area": 75, "bbox": [0.0, 0.0, 11.0, 13.0], "iscrowd": false, "isbbox": false, "color": "#7b54f0", "metadata": {}}]}